data,nr_noroc
1998-01-04,8334662
1998-01-11,8199556
1998-01-18,1607018
1998-01-25,2165839
1998-02-01,3563811
1998-02-08,3710284
1998-02-15,8460026
1998-02-22,8687864
1998-03-01,2622660
1998-03-08,3172003
1998-03-15,1679769
1998-03-22,2818245
1998-03-29,2611751
1998-04-05,0565457
1998-04-12,2377286
1998-04-21,0659490
1998-04-26,9271495
1998-05-03,7421839
1998-05-10,9163513
1998-05-17,7706144
1998-05-24,7468776
1998-05-31,7613465
1998-06-07,2855352
1998-06-14,0565459
1998-06-21,0817152
1998-06-28,6433086
1998-07-05,4308259
1998-07-12,9220042
1998-07-19,7255934
1998-07-26,1179041
1998-08-02,0963646
1998-08-09,6251878
1998-08-16,5220110
1998-08-23,5847168
1998-08-30,4443340
1998-09-06,4024338
1998-09-13,3229323
1998-09-20,0259631
1998-09-27,1362999
1998-10-04,4964718
1998-10-11,0120860
1998-10-18,1459410
1998-10-25,7007291
1998-11-01,4422997
1998-11-08,2939757
1998-11-15,8799343
1998-11-22,8489595
1998-11-29,3907585
1998-12-06,6317343
1998-12-13,3407070
1999-01-03,8127341
1999-01-10,2796653
1999-01-17,1945011
1999-01-24,1622786
1999-01-31,6047117
1999-02-07,2107654
1999-02-14,2821748
1999-02-21,0787215
1999-02-28,5103363
1999-03-07,0313250
1999-03-14,9456143
1999-03-21,2704856
1999-03-28,7221964
1999-04-04,0553084
1999-04-13,5270762
1999-04-18,3457882
1999-04-25,1376880
1999-05-02,1553922
1999-05-09,2229272
1999-05-16,7087078
1999-05-23,1018874
1999-05-30,1341801
1999-06-06,2064250
1999-06-13,9995992
1999-06-20,5206364
1999-06-27,8385494
1999-07-04,9478775
1999-07-11,4460824
1999-07-18,2047869
1999-07-25,6718528
1999-08-01,6679845
1999-08-08,4323540
1999-08-15,1541591
1999-08-22,7186024
1999-08-29,3296777
1999-09-05,1753743
1999-09-12,2316250
1999-09-19,3828690
1999-09-26,2225545
1999-10-03,3174297
1999-10-10,6799648
1999-10-17,7875681
1999-10-24,2660682
1999-10-31,1168751
1999-11-07,4094111
1999-11-14,6708763
1999-11-21,7597641
1999-11-28,3320759
1999-12-05,8523985
1999-12-12,1656149
1999-12-19,8841787
2000-01-02,0090750
2000-01-09,6582103
2000-01-16,0039453
2000-01-23,7956577
2000-01-30,3387840
2000-02-06,4607802
2000-02-13,4368433
2000-02-20,4934763
2000-02-27,2032772
2000-03-05,5549336
2000-03-12,4914612
2000-03-19,0911053
2000-03-26,9621747
2000-04-02,6941801
2000-04-09,0602213
2000-04-16,0299010
2000-04-23,5944560
2000-04-30,8517448
2000-05-07,7679404
2000-05-14,5517671
2000-05-21,3941108
2000-05-28,5860075
2000-06-04,9127294
2000-06-11,6727685
2000-06-18,6442448
2000-06-25,2244366
2000-07-02,1521395
2000-07-09,5558545
2000-07-16,0706012
2000-07-23,3163946
2000-07-30,6118725
2000-08-06,1778420
2000-08-13,6118725
2000-08-20,1351679
2000-08-27,4305843
2000-09-03,4458974
2000-09-10,6132013
2000-09-17,4235522
2000-09-24,3719498
2000-10-01,5443979
2000-10-08,5225654
2000-10-15,5452016
2000-10-22,1274746
2000-10-29,2732214
2000-11-05,3245514
2000-11-12,6025696
2000-11-19,4614963
2000-11-26,4436387
2000-12-03,6934173
2000-12-10,3659833
2000-12-17,4862072
2000-12-24,3659833
2001-01-02,2589435
2001-01-07,6672781
2001-01-14,5453990
2001-01-21,3173087
2001-01-28,4902538
2001-02-04,8730823
2001-02-11,1197963
2001-02-18,5257260
2001-02-25,8737375
2001-03-04,0715331
2001-03-11,7864911
2001-03-18,4763125
2001-03-25,7085889
2001-04-01,2074091
2001-04-08,0414333
2001-04-15,8266330
2001-04-22,2207108
2001-04-29,6614108
2001-05-06,3934052
2001-05-13,2331547
2001-05-20,9798945
2001-05-27,2101924
2001-06-03,8900290
2001-06-10,1519504
2001-06-17,7111473
2001-06-24,9874900
2001-07-01,3303201
2001-07-08,7074308
2001-07-15,9633790
2001-07-22,5399333
2001-07-29,3152634
2001-08-05,4685358
2001-08-12,2793322
2001-08-19,2136905
2001-08-26,2020729
2001-09-02,5961345
2001-09-09,9299620
2001-09-16,5490276
2001-09-23,1669927
2001-09-30,7351432
2001-10-07,4460071
2001-10-14,2896678
2001-10-21,3509366
2001-10-28,5616628
2001-11-04,6161536
2001-11-11,1671266
2001-11-18,6539833
2001-11-25,6370719
2001-12-02,1354522
2001-12-09,1039386
2001-12-16,2481718
2002-01-02,9308323
2002-01-06,8406593
2002-01-13,7770311
2002-01-20,0760112
2002-01-27,2717248
2002-02-03,7456429
2002-02-10,9771510
2002-02-17,0392101
2002-02-24,0195614
2002-03-03,1402122
2002-03-10,0305331
2002-03-17,7228904
2002-03-24,1599502
2002-03-31,2487274
2002-04-07,7035676
2002-04-14,2948390
2002-04-21,9934465
2002-04-28,4381305
2002-05-05,3341923
2002-05-12,3607449
2002-05-19,2210527
2002-05-26,1262263
2002-06-02,7234394
2002-06-09,7722464
2002-06-16,7933692
2002-06-23,5870394
2002-06-30,4072616
2002-07-07,6971843
2002-07-14,1368966
2002-07-21,4421073
2002-07-28,9058926
2002-08-04,4026308
2002-08-11,6646179
2002-08-18,0242413
2002-08-25,0440861
2002-09-01,9922305
2002-09-08,0965089
2002-09-15,9920801
2002-09-22,7188362
2002-09-29,5569582
2002-10-06,5849739
2002-10-13,8848032
2002-10-20,4691062
2002-10-27,1627455
2002-11-03,1598271
2002-11-10,2734996
2002-11-17,0404741
2002-11-24,7596354
2002-12-01,5138012
2002-12-08,6258076
2002-12-15,6455098
2002-12-22,3594607
2003-01-12,9854214
2003-01-19,8712259
2003-01-26,2484317
2003-02-02,3052375
2003-02-09,0047016
2003-02-16,0067665
2003-02-23,2577043
2003-03-02,6800913
2003-03-09,7890471
2003-03-16,7338818
2003-03-23,1983312
2003-03-30,7682299
2003-04-06,7986352
2003-04-13,1056721
2003-04-20,0331134
2003-04-27,6095816
2003-05-04,7476313
2003-05-11,1727414
2003-05-18,4358573
2003-05-25,8313687
2003-06-01,9000776
2003-06-08,7706890
2003-06-15,5099039
2003-06-22,6463482
2003-06-29,2504721
2003-07-06,9610075
2003-07-13,6563515
2003-07-20,7065329
2003-07-27,0431149
2003-08-03,1883534
2003-08-10,3444542
2003-08-17,1617643
2003-08-24,5555582
2003-08-31,3419984
2003-09-07,5693993
2003-09-14,9447999
2003-09-21,0220318
2003-09-28,8256099
2003-10-05,5275788
2003-10-12,0020228
2003-10-19,4346050
2003-10-26,7262443
2003-11-02,0992353
2003-11-09,8317959
2003-11-16,9124598
2003-11-23,9209800
2003-11-30,7419280
2003-12-07,4970211
2003-12-14,2170126
2004-01-04,0582687
2004-01-11,6659982
2004-01-18,0647983
2004-01-25,0999397
2004-02-01,8924308
2004-02-08,2270379
2004-02-15,4803884
2004-02-22,0765376
2004-02-29,1111351
2004-03-07,3597340
2004-03-14,1678697
2004-03-21,5209017
2004-03-28,8406274
2004-04-04,1104858
2004-04-11,2808204
2004-04-18,9635973
2004-04-25,9660346
2004-05-02,8110095
2004-05-09,4332914
2004-05-16,6553319
2004-05-23,0234003
2004-05-30,2223704
2004-06-06,5734030
2004-06-13,7933026
2004-06-20,4324868
2004-06-27,0156385
2004-07-04,5585539
2004-07-11,1324451
2004-07-18,5194027
2004-07-25,6226813
2004-08-01,9274088
2004-08-08,1959342
2004-08-15,4663565
2004-08-22,1581765
2004-08-29,6236380
2004-09-05,3053236
2004-09-12,9118952
2004-09-19,7774314
2004-09-26,1285079
2004-10-03,2319740
2004-10-10,1641721
2004-10-17,1109274
2004-10-24,1910478
2004-10-31,5397802
2004-11-07,5055269
2004-11-14,0577496
2004-11-21,5468472
2004-11-28,1047626
2004-12-05,1002776
2004-12-12,8223790
2005-01-02,9562581
2005-01-09,8789203
2005-01-16,2062647
2005-01-23,2803930
2005-01-30,2012215
2005-02-06,8366664
2005-02-13,4885703
2005-02-20,2231639
2005-02-27,4123699
2005-03-06,1928719
2005-03-13,6660061
2005-03-20,0299613
2005-03-27,6674497
2005-04-03,0386842
2005-04-10,4192205
2005-04-17,2624970
2005-04-24,4768671
2005-05-01,9806694
2005-05-08,1036821
2005-05-15,3679281
2005-05-22,9902293
2005-05-29,6124492
2005-06-05,4623840
2005-06-12,8827983
2005-06-19,2273451
2005-06-26,2696651
2005-07-03,5086298
2005-07-10,5093742
2005-07-17,7286953
2005-07-24,9825330
2005-07-31,9425286
2005-08-07,0308420
2005-08-14,8382193
2005-08-21,2228459
2005-08-28,3012756
2005-09-04,9864190
2005-09-11,3607047
2005-09-18,6146923
2005-09-25,3240162
2005-10-02,5274008
2005-10-09,5472576
2005-10-16,7984444
2005-10-23,6009511
2005-10-30,4623128
2005-11-06,1349170
2005-11-13,4127006
2005-11-20,0378440
2005-11-27,3779811
2005-12-04,2748401
2005-12-11,9638095
2005-12-18,7018032
2006-01-01,2829382
2006-01-08,8459705
2006-01-15,1965079
2006-01-22,5791578
2006-01-29,5425958
2006-02-05,4602202
2006-02-12,7066915
2006-02-19,9098386
2006-02-26,8063754
2006-03-05,0422884
2006-03-12,6171193
2006-03-19,7744150
2006-03-26,2761220
2006-04-02,1690330
2006-04-09,0117620
2006-04-16,5913910
2006-04-23,4814720
2006-04-30,1617580
2006-05-07,1423908
2006-05-14,8574507
2006-05-21,4571960
2006-05-28,1839975
2006-06-04,1864719
2006-06-11,6585282
2006-06-18,0903785
2006-06-25,1761776
2006-07-02,9434727
2006-07-09,5798581
2006-07-16,1078015
2006-07-23,9256035
2006-07-30,9078718
2006-08-06,0256786
2006-08-13,1116504
2006-08-20,5382526
2006-08-27,8205570
2006-09-03,8132970
2006-09-10,9718390
2006-09-17,1636398
2006-09-24,1244734
2006-10-01,5781549
2006-10-08,0913549
2006-10-15,0798263
2006-10-22,3538179
2006-10-29,6197497
2006-11-05,5064968
2006-11-12,3108231
2006-11-19,5033291
2006-11-26,4545162
2006-12-03,7911276
2006-12-10,8572678
2006-12-17,9771140
2006-12-31,9695475
2007-01-07,0112950
2007-01-14,7839187
2007-01-21,4626035
2007-01-28,2003069
2007-02-04,0003492
2007-02-11,2536242
2007-02-18,6905335
2007-02-25,9933072
2007-03-04,5179189
2007-03-11,5872732
2007-03-18,5476375
2007-03-25,0761575
2007-04-01,8662037
2007-04-08,5347537
2007-04-15,5212528
2007-04-22,4714119
2007-04-29,2035679
2007-05-06,6599471
2007-05-13,1144511
2007-05-20,6335089
2007-05-27,9968099
2007-06-03,1099226
2007-06-10,2007159
2007-06-17,0057661
2007-06-24,4553825
2007-07-01,0817132
2007-07-08,6609975
2007-07-15,3913927
2007-07-22,2006481
2007-07-29,6366216
2007-08-05,6278731
2007-08-12,9754466
2007-08-19,4508300
2007-08-26,6768646
2007-09-02,2341586
2007-09-09,0015855
2007-09-16,0087403
2007-09-23,9602650
2007-09-30,9718230
2007-10-07,7023145
2007-10-14,5280402
2007-10-21,1864366
2007-10-28,6875272
2007-11-04,8858881
2007-11-11,1533650
2007-11-18,4457321
2007-11-25,4351241
2007-12-02,4175735
2007-12-09,9974133
2007-12-16,4799992
2007-12-30,3390335
2008-01-06,2143733
2008-01-13,0213888
2008-01-20,4724958
2008-01-27,9353164
2008-02-03,9179543
2008-02-10,9836706
2008-02-17,0851397
2008-02-24,0048958
2008-03-02,2450354
2008-03-09,6051691
2008-03-16,5760573
2008-03-23,3096683
2008-03-30,8261910
2008-04-06,4501245
2008-04-13,5314529
2008-04-20,9602417
2008-04-27,9286996
2008-05-04,3771598
2008-05-11,7154739
2008-05-18,1085980
2008-05-25,1339120
2008-06-01,2300980
2008-06-08,7246352
2008-06-15,9069562
2008-06-22,2168168
2008-06-29,8113086
2008-07-06,7352987
2008-07-13,4352520
2008-07-20,2665753
2008-07-27,2330337
2008-08-03,9666294
2008-08-10,8731662
2008-08-17,4930964
2008-08-24,4887828
2008-08-31,1842083
2008-09-07,2080549
2008-09-14,9250766
2008-09-21,7427818
2008-09-28,6067634
2008-10-05,3276105
2008-10-12,3063146
2008-10-19,5981931
2008-10-26,1145573
2008-11-02,2382770
2008-11-09,0375913
2008-11-16,9216290
2008-11-23,7229877
2008-11-30,2741946
2008-12-07,3095197
2008-12-14,2007585
2008-12-28,8594100
2009-01-11,8215772
2009-01-18,5545326
2009-01-25,6600590
2009-02-01,3215020
2009-02-08,4283017
2009-02-15,3023138
2009-02-22,3140809
2009-03-01,6339351
2009-03-08,0911802
2009-03-15,6688971
2009-03-22,9893365
2009-03-29,9091537
2009-04-05,4718116
2009-04-12,9472808
2009-04-19,6106920
2009-04-26,5025171
2009-05-03,8414788
2009-05-10,7855442
2009-05-17,2703914
2009-05-24,1870494
2009-05-31,0413009
2009-06-07,3418705
2009-06-14,5406721
2009-06-21,4831514
2009-06-28,6182435
2009-07-02,8749001
2009-07-05,4937077
2009-07-09,1476177
2009-07-12,6319386
2009-07-16,4708302
2009-07-19,3473428
2009-07-23,8512206
2009-07-26,2297895
2009-07-30,5687792
2009-08-02,7179876
2009-08-06,2058617
2009-08-09,4816716
2009-08-13,5326949
2009-08-16,3971127
2009-08-20,6887934
2009-08-23,4912850
2009-08-27,5200837
2009-08-30,5692249
2009-09-03,6365412
2009-09-06,4225013
2009-09-10,9963644
2009-09-13,7797362
2009-09-17,7314845
2009-09-20,9753917
2009-09-24,5699128
2009-09-27,9753917
2009-10-01,5559231
2009-10-04,9709201
2009-10-08,3258604
2009-10-11,8196235
2009-10-15,5880481
2009-10-18,8472905
2009-10-22,1492992
2009-10-25,9908761
2009-10-29,8964817
2009-11-01,4702972
2009-11-05,1794360
2009-11-08,7615453
2009-11-12,6180129
2009-11-15,4251595
2009-11-19,3854804
2009-11-22,3511142
2009-11-26,7750144
2009-11-29,5354160
2009-12-03,4879905
2009-12-06,4092610
2009-12-10,8039524
2009-12-13,4830276
2009-12-17,2316674
2009-12-20,9584749
2009-12-24,6875621
2009-12-31,6787659
2010-01-07,7861883
2010-01-10,7009978
2010-01-14,1880735
2010-01-17,1232470
2010-01-21,7698398
2010-01-24,6332472
2010-01-28,1014512
2010-01-31,6332472
2010-02-04,0224353
2010-02-07,5074016
2010-02-11,1058151
2010-02-14,4365937
2010-02-18,8064735
2010-02-21,9858828
2010-02-25,2297411
2010-02-28,1194455
2010-03-04,0679865
2010-03-07,7206897
2010-03-11,7422682
2010-03-14,4043716
2010-03-18,1538566
2010-03-21,3845853
2010-03-25,4632159
2010-03-28,5874936
2010-04-01,4250671
2010-04-04,3677211
2010-04-08,1688536
2010-04-11,5182542
2010-04-15,6139254
2010-04-18,3255787
2010-04-22,1759347
2010-04-25,4882358
2010-04-29,8169852
2010-05-02,5032948
2010-05-06,0690919
2010-05-09,9511010
2010-05-13,0783975
2010-05-16,0500156
2010-05-20,3867884
2010-05-23,6259685
2010-05-27,5789967
2010-05-30,1333782
2010-06-03,4820314
2010-06-06,5454812
2010-06-10,1844336
2010-06-13,3034920
2010-06-17,8909646
2010-06-20,9915573
2010-06-24,5456826
2010-06-27,0601080
2010-07-01,1474088
2010-07-04,0732715
2010-07-08,6776812
2010-07-11,3761969
2010-07-15,1553248
2010-07-18,9351374
2010-07-22,8951467
2010-07-25,0205397
2010-07-29,9319777
2010-08-01,7391437
2010-08-05,4575969
2010-08-08,3441567
2010-08-12,5370797
2010-08-15,2950316
2010-08-19,3949436
2010-08-22,2899400
2010-08-26,7207805
2010-08-29,1632775
2010-09-02,3498476
2010-09-05,5043907
2010-09-09,2430385
2010-09-12,6759882
2010-09-16,7387012
2010-09-19,1437226
2010-09-23,2687058
2010-09-26,4361061
2010-09-30,5009377
2010-10-03,1953351
2010-10-07,7025775
2010-10-10,3372441
2010-10-14,4530588
2010-10-17,3812352
2010-10-21,4543009
2010-10-24,2784279
2010-10-28,8805115
2010-10-31,7878909
2010-11-04,5280290
2010-11-07,8239755
2010-11-11,6230458
2010-11-14,4002608
2010-11-18,4942488
2010-11-21,5267523
2010-11-25,0738869
2010-11-28,5722548
2010-12-02,3966772
2010-12-05,5446812
2010-12-09,8518862
2010-12-12,8219663
2010-12-16,3075758
2010-12-19,0225948
2010-12-23,1290212
2010-12-31,6144924
2011-01-06,0553615
2011-01-09,7712552
2011-01-13,8556630
2011-01-16,9666918
2011-01-20,7695885
2011-01-23,7014923
2011-01-27,0342876
2011-01-30,0658621
2011-02-03,1899571
2011-02-06,5809478
2011-02-10,0114079
2011-02-13,1558838
2011-02-17,2974965
2011-02-20,9408542
2011-02-24,5098784
2011-02-27,6270067
2011-03-03,9658772
2011-03-06,7962005
2011-03-10,2257089
2011-03-13,0910350
2011-03-17,3905272
2011-03-20,3229334
2011-03-24,4103580
2011-03-27,4339355
2011-03-31,8962937
2011-04-03,0568239
2011-04-07,2470551
2011-04-10,4294523
2011-04-14,6746543
2011-04-17,4886283
2011-04-24,5286632
2011-04-28,2244917
2011-05-01,5239567
2011-05-05,9246763
2011-05-08,9926324
2011-05-12,9841417
2011-05-15,1250074
2011-05-19,1734818
2011-05-22,6728716
2011-05-26,4456824
2011-05-29,2330450
2011-06-02,4146394
2011-06-05,1944193
2011-06-09,9024322
2011-06-12,6256639
2011-06-16,5656313
2011-06-19,2066880
2011-06-23,7199826
2011-06-26,4249117
2011-06-30,6858501
2011-07-03,6816404
2011-07-07,4422604
2011-07-10,4317489
2011-07-14,4652673
2011-07-17,7923373
2011-07-21,8052375
2011-07-24,7457370
2011-07-28,6022306
2011-07-31,3264033
2011-08-04,2869005
2011-08-07,4453241
2011-08-11,3682148
2011-08-14,1157035
2011-08-18,3179950
2011-08-21,3773166
2011-08-25,2385756
2011-08-28,3354403
2011-09-01,1094119
2011-09-04,0239894
2011-09-08,7156553
2011-09-11,2168013
2011-09-15,6231427
2011-09-18,8640129
2011-09-22,1912030
2011-09-25,2476924
2011-09-29,7271666
2011-10-02,1578572
2011-10-06,9576070
2011-10-09,1068766
2011-10-13,0638850
2011-10-16,4369157
2011-10-20,6888468
2011-10-23,1908287
2011-10-27,4582651
2011-10-30,8525225
2011-11-03,7942255
2011-11-06,3035250
2011-11-10,2683058
2011-11-13,4478968
2011-11-17,3641893
2011-11-20,1886418
2011-11-24,7413475
2011-11-27,6634208
2011-12-01,2869808
2011-12-04,1686717
2011-12-08,8775664
2011-12-11,6590921
2011-12-15,3432008
2011-12-18,6358823
2011-12-22,6719787
2011-12-30,4166374
2012-01-05,6201092
2012-01-08,9592617
2012-01-12,5766290
2012-01-15,2496549
2012-01-19,9676937
2012-01-22,0367804
2012-01-26,6994627
2012-01-29,9848213
2012-02-02,3873976
2012-02-05,8113070
2012-02-09,7313204
2012-02-12,0131971
2012-02-16,9832348
2012-02-19,7712808
2012-02-23,4624347
2012-02-26,8408474
2012-03-01,6815640
2012-03-04,1930703
2012-03-08,9609859
2012-03-11,1891924
2012-03-15,6750928
2012-03-18,6689209
2012-03-22,9729099
2012-03-25,4699796
2012-03-29,3604658
2012-04-01,3141581
2012-04-05,1672939
2012-04-08,8924654
2012-04-15,9419676
2012-04-19,9306288
2012-04-22,1262500
2012-04-26,8969614
2012-04-29,3453997
2012-05-03,7862068
2012-05-06,8058481
2012-05-10,5034625
2012-05-13,6682087
2012-05-17,4057561
2012-05-20,2750301
2012-05-24,1330560
2012-05-27,1259932
2012-05-31,2284161
2012-06-03,7996372
2012-06-07,1686074
2012-06-10,4795484
2012-06-14,2121066
2012-06-17,9278765
2012-06-21,7279293
2012-06-24,2258279
2012-06-28,7950624
2012-07-01,5550068
2012-07-05,9439003
2012-07-08,3960634
2012-07-12,0446179
2012-07-15,1020389
2012-07-19,2555312
2012-07-22,0536035
2012-07-26,2331739
2012-07-29,9718511
2012-08-02,4345060
2012-08-05,7415810
2012-08-09,7897960
2012-08-12,1057789
2012-08-16,8395325
2012-08-19,4454370
2012-08-23,5372958
2012-08-26,7749418
2012-08-30,5093241
2012-09-02,6073799
2012-09-06,6569264
2012-09-09,3959419
2012-09-16,8567046
2012-09-20,2302926
2012-09-23,3056791
2012-09-27,2109951
2012-09-30,4900502
2012-10-04,5519740
2012-10-07,6470048
2012-10-11,3640387
2012-10-14,6585746
2012-10-18,3135766
2012-10-21,9864903
2012-10-25,0858661
2012-10-28,9468381
2012-11-01,4606884
2012-11-04,8323907
2012-11-08,9307898
2012-11-11,3819027
2012-11-15,1041482
2012-11-18,5691171
2012-11-22,3826359
2012-11-25,8754497
2012-11-29,2118500
2012-12-02,6991705
2012-12-06,1462852
2012-12-09,1259164
2012-12-13,5564828
2012-12-16,3522915
2012-12-20,4091125
2012-12-23,9809213
2012-12-30,4230743
2013-01-06,1171625
2013-01-10,4259880
2013-01-13,0080933
2013-01-17,6587205
2013-01-20,5478731
2013-01-24,2510604
2013-01-27,5878946
2013-01-31,2382005
2013-02-03,5388369
2013-02-07,5464866
2013-02-10,0655373
2013-02-14,7887986
2013-02-17,2593941
2013-02-21,0717916
2013-02-24,3024117
2013-02-28,1982519
2013-03-03,3939754
2013-03-07,1630780
2013-03-10,4285733
2013-03-14,6764729
2013-03-17,2036655
2013-03-21,3691150
2013-03-24,5791169
2013-03-28,6743957
2013-03-31,2028455
2013-04-04,7598200
2013-04-07,2345011
2013-04-11,6178871
2013-04-14,1025593
2013-04-18,5827004
2013-04-21,0698353
2013-04-25,8076972
2013-04-28,9429329
2013-05-05,4102438
2013-05-09,0700432
2013-05-12,2785666
2013-05-16,7511939
2013-05-19,8332651
2013-05-23,3023794
2013-05-26,3904936
2013-05-30,4253323
2013-06-02,3585254
2013-06-06,1992294
2013-06-09,5908261
2013-06-13,5200363
2013-06-16,8574930
2013-06-20,5118647
2013-06-23,2012948
2013-06-27,4103846
2013-06-30,8720177
2013-07-04,0043737
2013-07-07,8695884
2013-07-11,5014236
2013-07-14,5151246
2013-07-18,1243086
2013-07-21,0163408
2013-07-25,1232023
2013-07-28,6959783
2013-08-01,7859100
2013-08-04,6277420
2013-08-08,3993585
2013-08-11,0667331
2013-08-15,3280550
2013-08-18,7370886
2013-08-22,4062141
2013-08-25,5051919
2013-08-29,7198405
2013-09-01,5575071
2013-09-05,0845583
2013-09-08,9108655
2013-09-15,4607041
2013-09-19,7084171
2013-09-22,3367533
2013-09-26,7461802
2013-09-29,6801072
2013-10-03,2166606
2013-10-06,3726833
2013-10-10,4796746
2013-10-13,7047709
2013-10-17,5633303
2013-10-20,6782490
2013-10-24,3813483
2013-10-27,6699050
2013-10-31,1231659
2013-11-03,9442462
2013-11-07,4490766
2013-11-10,1216936
2013-11-14,2544367
2013-11-17,0393096
2013-11-21,8775855
2013-11-24,3083216
2013-11-28,1933117
2013-12-01,5598432
2013-12-05,0473553
2013-12-08,8125746
2013-12-12,0983543
2013-12-15,0224723
2013-12-19,1476844
2013-12-22,7863796
2013-12-30,3974872
2014-01-05,1391022
2014-01-09,1465321
2014-01-12,8009657
2014-01-16,7629762
2014-01-19,9979110
2014-01-23,0771316
2014-01-26,0823590
2014-01-30,7754170
2014-02-02,8333022
2014-02-06,0338976
2014-02-09,2257357
2014-02-13,7391247
2014-02-16,5583917
2014-02-20,9774737
2014-02-23,1393056
2014-02-27,1805371
2014-03-02,6471548
2014-03-06,9356641
2014-03-09,5601635
2014-03-13,1632963
2014-03-16,2178120
2014-03-20,1964042
2014-03-23,4431938
2014-03-27,0215762
2014-03-30,4357533
2014-04-03,5814662
2014-04-06,6794456
2014-04-10,7146997
2014-04-13,2592483
2014-04-20,1566347
2014-04-24,7682197
2014-04-27,7710347
2014-05-01,7927857
2014-05-04,6942607
2014-05-08,4475103
2014-05-11,5685937
2014-05-15,2209757
2014-05-18,0023963
2014-05-22,1163423
2014-05-25,3945704
2014-05-29,5300454
2014-06-01,7874753
2014-06-05,8943505
2014-06-08,6364696
2014-06-12,7219298
2014-06-15,9422532
2014-06-19,6907460
2014-06-22,1065876
2014-06-26,2027549
2014-06-29,7086944
2014-07-03,4206153
2014-07-06,3122035
2014-07-10,5096895
2014-07-13,8083760
2014-07-17,6313715
2014-07-20,3873344
2014-07-24,3867095
2014-07-27,5876183
2014-07-31,6926980
2014-08-03,6234577
2014-08-07,2336796
2014-08-10,3060104
2014-08-14,0874984
2014-08-17,4308711
2014-08-21,2163571
2014-08-24,7597095
2014-08-28,8930882
2014-08-31,2978080
2014-09-04,1537144
2014-09-07,0815035
2014-09-14,0969691
2014-09-18,8521617
2014-09-21,7431062
2014-09-25,0428147
2014-09-28,6118050
2014-10-02,9417005
2014-10-05,2201781
2014-10-09,1959507
2014-10-12,1412002
2014-10-16,6673053
2014-10-19,1187990
2014-10-23,5009838
2014-10-26,8382428
2014-10-30,2793488
2014-11-02,3654097
2014-11-06,2186648
2014-11-09,4267690
2014-11-13,8940876
2014-11-16,1584489
2014-11-20,3874161
2014-11-23,2485055
2014-11-27,6734271
2014-11-30,4173239
2014-12-04,7364686
2014-12-07,7374191
2014-12-11,6087611
2014-12-14,4739987
2014-12-18,3819862
2014-12-21,9924876
2014-12-30,8418115
2015-01-11,2233986
2015-01-15,6322757
2015-01-18,0394083
2015-01-22,0880896
2015-01-25,0962881
2015-01-29,4849314
2015-02-01,6203764
2015-02-05,7645294
2015-02-08,1416136
2015-02-12,3958694
2015-02-15,7423457
2015-02-19,6961808
2015-02-22,0899517
2015-02-26,1592466
2015-03-01,4222317
2015-03-05,9395290
2015-03-08,1334676
2015-03-12,0635456
2015-03-15,2719173
2015-03-19,1688680
2015-03-22,1689556
2015-03-26,4171355
2015-03-29,4580775
2015-04-02,4069038
2015-04-05,6861263
2015-04-09,2602477
2015-04-12,0478917
2015-04-16,6518674
2015-04-19,2059596
2015-04-23,9621668
2015-04-26,9919787
2015-04-30,6199579
2015-05-03,9655627
2015-05-07,1225873
2015-05-10,2862754
2015-05-14,7101694
2015-05-17,3511100
2015-05-21,0900481
2015-05-24,1261818
2015-05-28,8990921
2015-05-31,6073486
2015-06-04,3421799
2015-06-07,4949682
2015-06-11,7097325
2015-06-14,1838545
2015-06-18,4677375
2015-06-21,8323138
2015-06-25,5648831
2015-06-28,3391765
2015-07-02,1777943
2015-07-05,5934513
2015-07-09,5208036
2015-07-12,6452634
2015-07-16,0976325
2015-07-19,6286229
2015-07-23,6994550
2015-07-26,7870473
2015-07-30,4360540
2015-08-02,5547481
2015-08-06,3070862
2015-08-09,7900686
2015-08-13,5835870
2015-08-16,5987717
2015-08-20,8337780
2015-08-23,3485697
2015-08-27,8079345
2015-08-30,2950995
2015-09-03,8859244
2015-09-06,1137063
2015-09-13,8681698
2015-09-17,5642133
2015-09-20,1515654
2015-09-24,6196715
2015-09-27,1711852
2015-10-01,7164180
2015-10-04,7413234
2015-10-08,4991757
2015-10-11,2443196
2015-10-15,1602216
2015-10-18,2263749
2015-10-22,7405074
2015-10-25,9384224
2015-10-29,9553682
2015-11-01,8354684
2015-11-05,3578026
2015-11-08,8301912
2015-11-12,9907931
2015-11-15,5423484
2015-11-19,2200571
2015-11-22,2887300
2015-11-26,9436761
2015-11-29,8346661
2015-12-03,1082498
2015-12-06,5716730
2015-12-10,3735207
2015-12-13,5796720
2015-12-17,8246652
2015-12-20,6394952
2015-12-30,1533749
2016-01-07,7554164
2016-01-10,7418846
2016-01-14,4105099
2016-01-17,7537785
2016-01-21,5526913
2016-01-24,9702956
2016-01-28,6957466
2016-01-31,4951153
2016-02-04,1924919
2016-02-07,0257765
2016-02-11,2068377
2016-02-14,8536909
2016-02-18,5566033
2016-02-21,7861738
2016-02-25,6477720
2016-02-28,1630929
2016-03-03,7994301
2016-03-06,5272445
2016-03-10,0487954
2016-03-13,2193580
2016-03-17,8574538
2016-03-20,6122397
2016-03-24,4748688
2016-03-27,7073147
2016-03-31,7940623
2016-04-03,4645596
2016-04-07,6034257
2016-04-10,4637363
2016-04-14,9361400
2016-04-17,6960860
2016-04-21,0306247
2016-04-24,0881930
2016-05-01,5271313
2016-05-05,2388094
2016-05-08,3350068
2016-05-12,8484001
2016-05-15,9584646
2016-05-19,4682968
2016-05-22,3611991
2016-05-26,9656099
2016-05-29,2422399
2016-06-02,3183873
2016-06-05,0753337
2016-06-09,3353272
2016-06-12,7572694
2016-06-16,8113765
2016-06-19,5746365
2016-06-23,1743783
2016-06-26,5976110
2016-06-30,3807136
2016-07-03,7360087
2016-07-07,2052182
2016-07-10,3581504
2016-07-14,2643744
2016-07-17,2081933
2016-07-21,5824602
2016-07-24,5066517
2016-07-28,1781686
2016-07-31,1548951
2016-08-04,2260739
2016-08-07,8843089
2016-08-11,4668982
2016-08-14,0344489
2016-08-18,5231157
2016-08-21,6877389
2016-08-25,2321328
2016-08-28,1854707
2016-09-01,4487282
2016-09-04,1986303
2016-09-08,0615316
2016-09-11,1966564
2016-09-15,9650139
2016-09-18,7465377
2016-09-22,0223878
2016-09-25,8356704
2016-09-29,0522114
2016-10-02,2329116
2016-10-06,6187738
2016-10-09,8561728
2016-10-13,1240047
2016-10-16,5054087
2016-10-20,0648777
2016-10-23,3900913
2016-10-27,1186292
2016-10-30,7829907
2016-11-03,7944841
2016-11-06,5178079
2016-11-10,0554689
2016-11-13,0294986
2016-11-17,0446458
2016-11-20,8384344
2016-11-24,0032113
2016-11-27,0221234
2016-12-04,5561807
2016-12-08,3385996
2016-12-11,6925291
2016-12-15,2878627
2016-12-18,5015034
2016-12-22,5126298
2016-12-31,6284586
2017-01-05,3303224
2017-01-08,7569084
2017-01-12,0159475
2017-01-15,1920259
2017-01-19,5473606
2017-01-22,5993151
2017-01-26,3652387
2017-01-29,2758556
2017-02-02,2574875
2017-02-05,8237944
2017-02-09,9472002
2017-02-12,7730744
2017-02-16,0735654
2017-02-19,7657877
2017-02-23,9263609
2017-02-26,4498999
2017-03-02,7663777
2017-03-05,7682732
2017-03-09,3378944
2017-03-12,0578941
2017-03-16,3437661
2017-03-19,0608098
2017-03-23,2307591
2017-03-26,3026972
2017-03-30,5404715
2017-04-02,3345888
2017-04-06,1002042
2017-04-09,3830921
2017-04-16,2878030
2017-04-20,7624317
2017-04-23,8937894
2017-04-27,0272569
2017-04-30,5462337
2017-05-04,5599648
2017-05-07,1289646
2017-05-11,6747164
2017-05-14,2557925
2017-05-18,9699237
2017-05-21,8132114
2017-05-25,2391398
2017-05-28,9118329
2017-06-01,6471832
2017-06-04,5845418
2017-06-08,8765113
2017-06-11,4558849
2017-06-15,1786494
2017-06-18,5782587
2017-06-22,2559405
2017-06-25,2338049
2017-06-29,7013186
2017-07-02,8636734
2017-07-06,5112189
2017-07-09,3305924
2017-07-13,9323195
2017-07-16,7339888
2017-07-20,5744661
2017-07-23,8464175
2017-07-27,2802604
2017-07-30,3877828
2017-08-03,1147510
2017-08-06,7848554
2017-08-10,0877091
2017-08-13,3326157
2017-08-17,9193232
2017-08-20,8559037
2017-08-24,3169728
2017-08-27,3071234
2017-08-31,4069252
2017-09-03,4423869
2017-09-07,4197166
2017-09-10,6877085
2017-09-17,6499556
2017-09-21,8851878
2017-09-24,3736243
2017-09-28,0490819
2017-10-01,6407943
2017-10-05,0937072
2017-10-08,6155598
2017-10-12,0640970
2017-10-15,9442301
2017-10-19,5662272
2017-10-22,5053917
2017-10-26,6600151
2017-10-29,8896551
2017-11-02,1966788
2017-11-05,0382168
2017-11-09,4260450
2017-11-12,8768722
2017-11-16,9926601
2017-11-19,3449083
2017-11-23,6450416
2017-11-26,3760499
2017-11-30,6529365
2017-12-03,9923650
2017-12-07,4959624
2017-12-10,7741593
2017-12-14,1043333
2017-12-17,1842587
2017-12-21,8148480
2017-12-24,9972092
2017-12-31,7733476
2018-01-04,3745448
2018-01-07,9097617
2018-01-11,3691198
2018-01-14,5429681
2018-01-18,1554293
2018-01-21,9113154
2018-01-25,7303656
2018-01-28,1066925
2018-02-01,5217841
2018-02-04,2067971
2018-02-08,0023572
2018-02-11,2104861
2018-02-15,5130775
2018-02-18,6819885
2018-02-22,0633869
2018-02-25,7885933
2018-03-01,0527175
2018-03-04,8402032
2018-03-08,4045862
2018-03-11,5909513
2018-03-15,6299552
2018-03-18,9241145
2018-03-22,2263413
2018-03-25,6570483
2018-03-29,6559001
2018-04-01,3427399
2018-04-08,1880865
2018-04-12,1654183
2018-04-15,1515368
2018-04-19,0622278
2018-04-22,7936772
2018-04-26,0898965
2018-04-29,5908276
2018-05-03,0132940
2018-05-06,3891612
2018-05-10,8877043
2018-05-13,4362835
2018-05-17,0702243
2018-05-20,7463834
2018-05-24,7918147
2018-05-27,4149355
2018-05-31,2029059
2018-06-03,3415181
2018-06-07,2201953
2018-06-10,1976688
2018-06-14,8946893
2018-06-17,7153125
2018-06-21,6786852
2018-06-24,2173238
2018-06-28,2837903
2018-07-01,0127389
2018-07-05,2785960
2018-07-08,4392428
2018-07-12,5994409
2018-07-15,0234231
2018-07-19,3819046
2018-07-22,9113161
2018-07-26,4787347
2018-07-29,0754428
2018-08-02,0670233
2018-08-05,0649087
2018-08-09,7953768
2018-08-12,5001217
2018-08-16,2291019
2018-08-19,5497018
2018-08-23,9389050
2018-08-26,1447188
2018-08-30,5342803
2018-09-02,1220294
2018-09-06,9355720
2018-09-09,9599146
2018-09-13,9762293
2018-09-16,2474155
2018-09-20,4165128
2018-09-23,4290048
2018-09-27,6238347
2018-09-30,1003502
2018-10-04,3845651
2018-10-07,6093405
2018-10-11,4049311
2018-10-14,4547978
2018-10-18,0521333
2018-10-21,7180236
2018-10-25,1303264
2018-10-28,4931180
2018-11-01,3949871
2018-11-04,0275806
2018-11-08,9904444
2018-11-11,0648732
2018-11-15,4416274
2018-11-18,6198938
2018-11-22,2687415
2018-11-25,6414183
2018-11-29,0395875
2018-12-02,9904378
2018-12-06,5447476
2018-12-09,8221121
2018-12-13,8130941
2018-12-16,7821668
2018-12-20,2432543
2018-12-23,4894243
2018-12-31,0482752
2019-01-06,7199360
2019-01-10,3695862
2019-01-13,4578808
2019-01-17,3878426
2019-01-20,0292441
2019-01-24,3700735
2019-01-27,1246769
2019-01-31,8905410
2019-02-03,3786036
2019-02-07,4278517
2019-02-10,4026133
2019-02-14,1367127
2019-02-17,3829174
2019-02-21,3375191
2019-02-24,0253280
2019-02-28,8209070
2019-03-03,9217507
2019-03-07,0067615
2019-03-10,4159988
2019-03-14,2436218
2019-03-17,6176684
2019-03-21,1575209
2019-03-24,5088323
2019-03-28,0461220
2019-03-31,0945318
2019-04-04,2948041
2019-04-07,2705014
2019-04-11,4974945
2019-04-14,8431593
2019-04-18,2801162
2019-04-21,9963085
2019-04-27,3578956
2019-05-02,1074512
2019-05-05,5978538
2019-05-09,6200779
2019-05-12,8513334
2019-05-16,1092197
2019-05-19,8998736
2019-05-23,1946439
2019-05-26,7553097
2019-05-30,7115023
2019-06-02,4113248
2019-06-06,9530887
2019-06-09,9390482
2019-06-13,7317156
2019-06-16,7699953
2019-06-20,7157179
2019-06-23,6465903
2019-06-27,4525217
2019-06-30,7221114
2019-07-04,0681302
2019-07-07,5797774
2019-07-11,2378595
2019-07-14,5698261
2019-07-18,1269497
2019-07-21,5613968
2019-07-25,1132848
2019-07-28,6328578
2019-08-01,7103039
2019-08-04,5839435
2019-08-08,1579619
2019-08-11,8791142
2019-08-15,0784414
2019-08-18,0459996
2019-08-22,5091390
2019-08-25,0873927
2019-08-29,3094209
2019-09-01,7097982
2019-09-05,5588009
2019-09-08,9421756
2019-09-12,0303908
2019-09-15,6783046
2019-09-19,2987136
2019-09-22,5090960
2019-09-26,2177421
2019-09-29,3839358
2019-10-03,1326367
2019-10-06,8063826
2019-10-10,1078666
2019-10-13,9262452
2019-10-17,9010745
2019-10-20,6829494
2019-10-24,8180265
2019-10-27,9372638
2019-10-31,5306205
2019-11-03,1695372
2019-11-07,1541456
2019-11-10,8349395
2019-11-14,3034675
2019-11-17,0088742
2019-11-21,6571741
2019-11-24,9265170
2019-11-28,8306257
2019-12-01,1855114
2019-12-05,0978559
2019-12-08,2494893
2019-12-12,9549697
2019-12-15,1994627
2019-12-19,1361021
2019-12-22,5894139
2019-12-31,7455187
2020-01-05,4882019
2020-01-09,2783921
2020-01-12,9823908
2020-01-16,4748924
2020-01-19,3193250
2020-01-23,3801751
2020-01-26,6176653
2020-01-30,0986406
2020-02-02,7705448
2020-02-06,8681279
2020-02-09,5294258
2020-02-13,6074062
2020-02-16,3976253
2020-02-20,5854467
2020-02-23,9044380
2020-02-27,9273611
2020-03-01,5181142
2020-03-05,0816486
2020-03-08,2688824
2020-03-12,1331840
2020-03-15,9705992
2020-03-19,2065153
2020-06-21,0042797
2020-06-25,2113701
2020-06-28,4805922
2020-07-02,1167448
2020-07-05,2581104
2020-07-09,3092518
2020-07-12,4958864
2020-07-16,8303897
2020-07-19,6224234
2020-07-23,3978129
2020-07-26,3023847
2020-07-30,3920212
2020-08-02,0900808
2020-08-06,3283198
2020-08-06,9133115
2020-08-13,0136263
2020-08-16,9273661
2020-08-20,3003112
2020-08-23,5780750
2020-08-27,9496681
2020-08-30,7106484
2020-09-03,7960237
2020-09-06,3166534
2020-09-10,3297179
2020-09-13,3805315
2020-09-17,3298426
2020-09-20,9364074
2020-09-24,7221106
2020-09-27,9773902
2020-10-01,4638665
2020-10-04,8316212
2020-10-08,0189026
2020-10-11,1229777
2020-10-15,6182731
2020-10-18,8524632
2020-10-22,1138348
2020-10-25,5258360
2020-10-29,4615357
2020-11-01,6184003
2020-11-05,9106025
2020-11-08,9781127
2020-11-12,0562154
2020-11-15,1222357
2020-11-19,8629764
2020-11-22,5464737
2020-11-26,4847455
2020-11-29,0021644
2020-12-03,9497341
2020-12-06,6528612
2020-12-10,8085803
2020-12-13,1185856
2020-12-17,9473720
2020-12-20,1266350
2020-12-24,1956213
2020-12-31,4253314
2021-01-03,8169013
2021-01-07,7950422
2021-01-10,2987379
2021-01-14,0547041
2021-01-17,7101539
2021-01-21,7907651
2021-01-24,1312680
2021-01-28,0009064
2021-01-31,2636811
2021-02-04,4128430
2021-02-07,7879479
2021-02-11,6363462
2021-02-14,5659582
2021-02-18,9273676
2021-02-21,4651163
2021-02-25,9762959
2021-02-28,1999499
2021-03-04,7110411
2021-03-07,3222731
2021-03-11,1679494
2021-03-14,0860169
2021-03-18,1197865
2021-03-21,5331807
2021-03-25,4213898
2021-03-28,8665535
2021-04-01,5356044
2021-04-04,4736407
2021-04-08,3823920
2021-04-11,1098250
2021-04-15,5930398
2021-04-18,4251860
2021-04-22,6961252
2021-04-25,2937974
2021-05-01,0602995
2021-05-06,5131291
2021-05-09,0784410
2021-05-13,4719498
2021-05-16,5974440
2021-05-20,5700019
2021-05-23,5372558
2021-05-27,4787566
2021-05-30,8842582
2021-06-03,4307782
2021-06-06,9259381
2021-06-10,3249719
2021-06-13,3928790
2021-06-17,1884829
2021-06-20,9868661
2021-06-24,5544301
2021-06-27,2942744
2021-07-01,1126570
2021-07-04,0680555
2021-07-08,8025850
2021-07-11,2580837
2021-07-15,8712671
2021-07-18,6216638
2021-07-22,9568659
2021-07-25,7613995
2021-07-29,1087901
2021-08-01,8114416
2021-08-05,1170182
2021-08-08,2265116
2021-08-12,6397409
2021-08-15,8835736
2021-08-19,3302266
2021-08-22,2352931
2021-08-26,6357766
2021-08-29,0165713
2021-09-02,3831848
2021-09-05,0145183
2021-09-09,5361406
2021-09-12,9567408
2021-09-16,7783996
2021-09-19,7570353
2021-09-23,0637510
2021-09-26,5461687
2021-09-30,8408013
2021-10-03,3745956
2021-10-07,5616949
2021-10-10,3530188
2021-10-14,7406492
2021-10-17,1606510
2021-10-21,6739503
2021-10-24,2607520
2021-10-28,8802834
2021-10-31,9576836
2021-11-04,4445806
2021-11-07,2756154
2021-11-11,0144107
2021-11-14,4075992
2021-11-18,6801040
2021-11-21,1241685
2021-11-25,8325181
2021-11-28,7260008
2021-12-05,2302461
2021-12-09,4319657
2021-12-12,0508109
2021-12-16,0500531
2021-12-19,5929944
2021-12-24,9656148
2021-12-31,0712964
2022-01-06,7375060
2022-01-09,8935615
2022-01-13,1257912
2022-01-16,8317779
2022-01-20,0964229
2022-01-23,2078637
2022-01-27,6006009
2022-01-30,8742650
2022-02-03,1989806
2022-02-06,7662026
2022-02-10,7954979
2022-02-13,0804423
2022-02-17,7375135
2022-02-20,0069697
2022-02-27,1655937
2022-03-03,6009840
2022-03-06,0877535
2022-03-10,3659388
2022-03-13,4382035
2022-03-17,7616165
2022-03-20,0003211
2022-03-24,2161471
2022-03-27,8267415
2022-03-31,6470171
2022-04-03,5679620
2022-04-07,1449096
2022-04-10,4228950
2022-04-14,5152256
2022-04-17,2644067
2022-04-23,8781982
2022-04-28,5555119
2022-05-01,9847201
2022-05-05,6301844
2022-05-08,2829575
2022-05-12,4634175
2022-05-12,7121819
2022-05-19,9114303
2022-05-22,9148966
2022-05-26,5260035
2022-05-29,3775222
2022-06-02,2023933
2022-06-05,5825828
2022-06-09,0762054
2022-06-12,5346160
2022-06-16,8015449
2022-06-19,2780610
2022-06-23,5388296
2022-06-26,4626334
2022-06-30,2986140
2022-07-03,4507251
2022-07-07,7325440
2022-07-10,1192887
2022-07-14,1877952
2022-07-17,2798155
2022-07-21,6112721
2022-07-24,6484668
2022-07-28,2794598
2022-07-31,9930785
2022-08-04,6426635
2022-08-07,8509567
2022-08-11,7766236
2022-08-14,7494470
2022-08-18,1914969
2022-08-21,3205525
2022-08-25,2750556
2022-08-28,1181240
2022-09-01,1347389
2022-09-04,9378110
2022-09-08,1033211
2022-09-11,3583339
2022-09-15,9256921
2022-09-18,6355662
2022-09-22,6643931
2022-09-25,5828508
2022-09-29,9945660
2022-10-02,3166265
2022-10-06,0580765
2022-10-09,1563513
2022-10-13,8717526
2022-10-16,2709563
2022-10-20,4640686
2022-10-23,1887891
2022-10-27,2581865
2022-10-30,7595530
2022-11-03,5050258
2022-11-06,4600898
2022-11-10,6822227
2022-11-13,5832066
2022-11-17,7735828
2022-11-20,4800561
2022-11-24,1922135
2022-11-27,6562090
2022-12-04,5703501
2022-12-08,2544961
2022-12-11,9649524
2022-12-15,2615723
2022-12-18,4033500
2022-12-24,5441292
2022-12-31,4968602
2023-01-05,9010180
2023-01-08,3471357
2023-01-12,8916041
2023-01-15,0828703
2023-01-19,7640618
2023-01-22,3653218
2023-01-26,0398955
2023-01-29,5503755
2023-02-02,3233435
2023-02-05,1573544
2023-02-09,2435345
2023-02-12,5950013
2023-02-16,7563667
2023-02-19,9140869
2023-02-23,9565348
2023-02-26,5154585
2023-03-02,1963193
2023-03-05,4591954
2023-03-09,2013082
2023-03-12,4138758
2023-03-16,7457035
2023-03-19,6591612
2023-03-23,3779914
2023-03-26,4053240
2023-03-30,5879496
2023-04-02,5140215
2023-04-06,5144829
2023-04-09,2201685
2023-04-15,3937720
2023-04-20,7315230
2023-04-23,4569592
2023-04-27,6613540
2023-04-30,8406109
2023-05-04,2381428
2023-05-07,6574339
2023-05-11,3430930
2023-05-14,7965704
2023-05-18,9740680
2023-05-21,0420551
2023-05-25,6522710
2023-05-28,5681793
2023-06-01,7153464
2023-06-04,1775393
2023-06-08,3258623
2023-06-11,1336550
2023-06-15,8902446
2023-06-18,4101838
2023-06-22,6763491
2023-06-25,0725360
2023-06-29,5199765
2023-07-02,6959155
2023-07-06,4609043
2023-07-09,7593306
2023-07-13,1238666
2023-07-16,1154489
2023-07-20,5966713
2023-07-23,9648988
2023-07-27,1660842
2023-07-30,8784402
2023-08-03,3431966
2023-08-06,6837955
2023-08-10,1604147
2023-08-13,2377028
2023-08-17,6727775
2023-08-20,8202073
2023-08-24,6606284
2023-08-27,0887313
2023-08-31,8630241
2023-09-03,1448488
2023-09-07,5225868
2023-09-10,8630051
2023-09-14,7989122
2023-09-17,8603981
2023-09-21,0198161
2023-09-24,2423425
2023-09-28,1979199
2023-10-01,3154909
2023-10-05,2290394
2023-10-08,0947861
2023-10-12,1229120
2023-10-15,0902615
2023-10-19,4436930
2023-10-22,7316985
2023-10-26,5576420
2023-10-29,0781509
2023-11-02,8791133
2023-11-05,7487633
2023-11-09,4571804
2023-11-12,6698912
2023-11-16,5813463
2023-11-19,0373454
2023-11-23,5457560
2023-11-26,1149454
2023-12-03,4091357
2023-12-07,5631610
2023-12-10,3663058
2023-12-14,9207704
2023-12-17,4261366
2023-12-21,7602171
2023-12-24,5514009
2023-12-31,3965729
2024-01-04,9005731
2024-01-07,7393487
2024-01-11,5061112
2024-01-14,7179658
2024-01-18,6883491
2024-01-21,9294513
2024-01-25,2835202
2024-01-28,1368427
2024-02-01,1067427
2024-02-04,7753957
2024-02-08,4998717
2024-02-11,9649085
2024-02-15,7579906
2024-02-18,5041832
2024-02-22,2348151
2024-02-25,3194755
2024-02-29,8390560
2024-03-03,6847211
2024-03-07,4886300
2024-03-10,8695692
2024-03-14,8408341
2024-03-17,3015576
2024-03-21,3616586
2024-03-24,4909157
2024-03-28,8823749
2024-03-31,3067026
2024-04-04,9784763
2024-04-07,0656799
2024-04-11,1478110
2024-04-14,9164264
2024-04-18,8339188
2024-04-21,5582379
2024-04-25,2901274
2024-04-28,4212874
2024-05-04,1952718
2024-05-09,7805675
2024-05-12,4622401
2024-05-16,2421550
2024-05-19,6859398
2024-05-23,5421841
2024-05-26,2653808
2024-05-30,5421841
2024-06-02,5992291
2024-06-06,8075273
2024-06-09,8000108
2024-06-13,3660012
2024-06-16,0326851
2024-06-20,0450838
2024-06-23,4205749
2024-06-27,8337395
2024-06-30,4793760
2024-07-04,2418067
2024-07-07,1943970
2024-07-11,9700264
2024-07-14,5212859
2024-07-18,1409260
2024-07-21,1377945
2024-07-25,3812489
2024-07-28,6988166
2024-08-01,3571549
2024-08-04,3042287
2024-08-08,8157336
2024-08-11,4280007
2024-08-15,2606446
2024-08-18,6307169
2024-08-22,7440677
2024-08-25,9994511
2024-08-29,7103026
2024-09-01,6171766
2024-09-05,7827779
2024-09-08,7297695
2024-09-12,3677179
2024-09-15,3194657
2024-09-19,5625498
2024-09-22,0399323
2024-09-26,5793812
2024-09-29,0337512
2024-10-03,6228691
2024-10-06,8314102
2024-10-10,2401864
2024-10-13,3111002
2024-10-17,9946699
2024-10-20,1281693
2024-10-24,0961897
2024-10-27,3112705
2024-10-31,5128647
2024-11-03,2692683
2024-11-07,9355321
2024-11-10,0541268
2024-11-14,0872733
2024-11-17,1917609
2024-11-21,6757011
2024-11-24,6740403
2024-11-28,8236316
2024-12-01,1147845
2024-12-05,5593800
2024-12-08,8641503
2024-12-12,5418094
2024-12-15,1777638
2024-12-19,1338652
2024-12-22,4481829
2024-12-31,4429546
2025-01-05,7577465
2025-01-09,7697322
2025-01-12,2127863
2025-01-16,1629528
2025-01-19,0957899
2025-01-23,9934072
2025-01-26,3003367
2025-01-30,1493989
2025-02-02,2121147
2025-02-06,7785004
2025-02-09,6179072
2025-02-13,9218847
2025-02-16,4439709
2025-02-20,5145718
2025-02-23,5196503
2025-02-27,2071925
2025-03-02,6278580
2025-03-06,8799703
2025-03-09,2625702
2025-03-13,4640949
2025-03-16,6757609
2025-03-20,7939725
2025-03-23,9451627
2025-03-27,8391404
2025-03-30,1462393
2025-04-03,6391575
2025-04-06,2044502
2025-04-10,0432686
2025-04-13,7275690
2025-04-19,4795798
2025-04-24,8649248
2025-04-27,6009468
2025-05-01,0347218
2025-05-04,1332961
2025-05-08,5120069
2025-05-11,9522917
2025-05-15,5519871
2025-05-18,8577871
2025-05-22,0112403
2025-05-25,7264523
2025-05-29,6498416
2025-06-01,5078718
2025-06-05,3916429
2025-06-08,2762075
2025-06-12,2408601
2025-06-15,9119399
2025-06-19,2388571
2025-06-22,8119970
2025-06-26,1515999
2025-06-29,4738438
2025-07-03,4014952
2025-07-06,0849202
2025-07-10,5550797
2025-07-13,9094352
2025-07-17,0620760
2025-07-20,0969025
2025-07-24,3555574
2025-07-27,6089287
2025-07-31,7362381
2025-08-03,1946498
2025-08-07,8102315
2025-08-10,4393937
2025-08-14,1223351
2025-08-17,0769659
2025-08-21,7252224
2025-08-24,0960815
2025-08-28,2940219
2025-08-31,8738718
2025-09-04,3597600
2025-09-07,2801501
2025-09-11,2775814
2025-09-14,2162182
2025-09-18,5460382
2025-09-21,9016652
2025-09-25,1032292
2025-09-28,6351884
2025-10-02,5284758
2025-10-05,9674636
2025-10-09,1854100
2025-10-12,6426188
2025-10-16,6594153
2025-10-19,8866084
2025-10-23,1611953
2025-10-26,6393843
2025-10-30,5427925
2025-11-02,1396650
2025-11-06,4106854
2025-11-09,6849526
2025-11-13,3292071
2025-11-16,1902746
2025-11-20,1302899
2025-11-23,2713385
2025-11-27,4803959
2025-11-30,9772810
2025-12-04,7013487
2025-12-07,4897549
2025-12-11,1410318
2025-12-14,2985475
