data,nr_super_noroc
2011-04-07,662610
2011-04-10,555772
2011-04-14,034000
2011-04-17,213312
2011-04-21,169224
2011-04-24,439305
2011-04-28,836406
2011-05-01,770382
2011-05-05,502036
2011-05-08,346622
2011-05-12,446613
2011-05-15,134756
2011-05-19,995428
2011-05-22,442440
2011-05-26,446843
2011-05-29,898521
2011-06-02,017049
2011-06-05,929278
2011-06-09,395337
2011-06-12,810745
2011-06-16,497199
2011-06-19,705429
2011-06-23,457972
2011-06-26,704057
2011-06-30,514451
2011-07-03,896177
2011-07-07,114696
2011-07-10,127143
2011-07-14,079762
2011-07-17,530674
2011-07-21,362961
2011-07-24,706309
2011-07-28,571979
2011-07-31,220374
2011-08-04,521657
2011-08-07,398784
2011-08-11,777950
2011-08-14,740509
2011-08-18,210352
2011-08-21,180972
2011-08-25,149278
2011-08-28,588779
2011-09-01,164083
2011-09-04,171916
2011-09-08,550445
2011-09-11,452160
2011-09-15,662782
2011-09-18,255149
2011-09-22,944007
2011-09-25,442052
2011-09-29,269606
2011-10-02,943334
2011-10-06,226234
2011-10-09,162646
2011-10-13,781554
2011-10-16,646976
2011-10-20,728533
2011-10-23,981973
2011-10-27,919066
2011-10-30,541511
2011-11-03,432998
2011-11-06,979219
2011-11-10,808855
2011-11-13,899938
2011-11-17,316863
2011-11-20,434611
2011-11-24,057154
2011-11-27,334280
2011-12-01,690154
2011-12-04,266737
2011-12-08,070365
2011-12-11,752636
2011-12-15,717077
2011-12-18,879103
2011-12-22,955750
2011-12-30,024855
2012-01-05,450095
2012-01-08,361846
2012-01-12,159746
2012-01-15,400363
2012-01-19,904508
2012-01-22,379549
2012-01-26,812384
2012-01-29,156733
2012-02-02,922494
2012-02-05,801733
2012-02-09,401994
2012-02-12,868737
2012-02-16,918565
2012-02-19,520686
2012-02-23,640027
2012-02-26,996956
2012-03-01,451242
2012-03-04,559284
2012-03-08,866846
2012-03-11,198999
2012-03-15,240656
2012-03-18,382864
2012-03-22,842603
2012-03-25,435960
2012-03-29,125068
2012-04-01,053832
2012-04-05,702475
2012-04-08,008476
2012-04-15,020049
2012-04-19,774678
2012-04-22,500613
2012-04-26,272435
2012-04-29,546432
2012-05-03,118272
2012-05-06,330878
2012-05-10,555370
2012-05-13,160275
2012-05-17,157092
2012-05-20,496882
2012-05-24,850371
2012-05-27,345544
2012-05-31,496169
2012-06-03,031848
2012-06-07,256062
2012-06-10,413091
2012-06-14,287906
2012-06-17,784303
2012-06-21,863397
2012-06-24,315143
2012-06-28,768125
2012-07-01,877668
2012-07-05,507368
2012-07-08,593635
2012-07-12,738301
2012-07-15,420357
2012-07-19,789022
2012-07-22,586480
2012-07-26,827717
2012-07-29,508039
2012-08-02,428508
2012-08-05,479359
2012-08-09,696348
2012-08-12,477013
2012-08-16,770408
2012-08-19,806233
2012-08-23,137782
2012-08-26,391497
2012-08-30,103013
2012-09-02,530875
2012-09-06,780150
2012-09-09,023967
2012-09-16,282224
2012-09-20,603356
2012-09-23,749392
2012-09-27,534045
2012-09-30,342242
2012-10-04,672918
2012-10-07,893682
2012-10-11,288031
2012-10-14,722556
2012-10-18,448369
2012-10-21,589908
2012-10-25,313655
2012-10-28,155126
2012-11-01,708607
2012-11-04,222769
2012-11-08,779624
2012-11-11,721413
2012-11-15,416980
2012-11-18,168760
2012-11-22,828791
2012-11-25,470053
2012-11-29,301351
2012-12-02,766639
2012-12-06,602975
2012-12-09,817370
2012-12-13,540591
2012-12-16,408169
2012-12-20,548572
2012-12-23,889487
2012-12-30,654060
2013-01-06,243326
2013-01-10,309170
2013-01-13,056587
2013-01-17,027752
2013-01-20,286851
2013-01-24,464639
2013-01-27,713902
2013-01-31,930886
2013-02-03,345239
2013-02-07,960240
2013-02-10,799741
2013-02-14,623278
2013-02-17,692117
2013-02-21,058495
2013-02-24,174587
2013-02-28,253300
2013-03-03,913410
2013-03-07,810299
2013-03-10,145102
2013-03-14,133514
2013-03-17,061722
2013-03-21,464959
2013-03-24,242197
2013-03-28,870771
2013-03-31,451127
2013-04-04,592957
2013-04-07,437435
2013-04-11,549657
2013-04-14,584002
2013-04-18,467653
2013-04-21,210851
2013-04-25,559836
2013-04-28,597780
2013-05-05,979396
2013-05-09,934153
2013-05-12,583451
2013-05-16,095350
2013-05-19,560120
2013-05-23,481145
2013-05-26,373242
2013-05-30,358823
2013-06-02,370977
2013-06-06,014356
2013-06-09,364257
2013-06-13,426514
2013-06-16,382216
2013-06-20,810251
2013-06-23,981561
2013-06-27,433297
2013-06-30,417186
2013-07-04,413525
2013-07-07,125812
2013-07-11,210135
2013-07-14,418731
2013-07-18,580730
2013-07-21,240245
2013-07-25,924020
2013-07-28,382613
2013-08-01,452826
2013-08-04,758503
2013-08-08,687574
2013-08-11,143516
2013-08-15,664706
2013-08-18,731790
2013-08-22,443571
2013-08-25,283960
2013-08-29,085038
2013-09-01,372269
2013-09-05,194128
2013-09-08,765852
2013-09-15,194211
2013-09-19,823516
2013-09-22,036768
2013-09-26,151496
2013-09-29,398543
2013-10-03,645153
2013-10-06,293642
2013-10-10,239579
2013-10-13,322451
2013-10-17,840046
2013-10-20,871560
2013-10-24,031610
2013-10-27,311527
2013-10-31,191396
2013-11-03,807052
2013-11-07,997456
2013-11-10,647922
2013-11-14,695536
2013-11-17,569771
2013-11-21,349070
2013-11-24,357777
2013-11-28,715737
2013-12-01,076969
2013-12-05,386734
2013-12-08,200284
2013-12-12,009356
2013-12-15,874663
2013-12-19,835157
2013-12-22,821014
2013-12-30,646087
2014-01-05,061531
2014-01-09,652076
2014-01-12,329859
2014-01-16,791377
2014-01-19,037702
2014-01-23,037702
2014-01-26,596722
2014-01-30,871994
2014-02-02,444776
2014-02-06,107781
2014-02-09,585495
2014-02-13,659660
2014-02-16,569083
2014-02-20,093696
2014-02-23,407493
2014-02-27,932915
2014-03-02,566985
2014-03-06,109819
2014-03-09,834411
2014-03-13,366341
2014-03-16,468270
2014-03-20,880151
2014-03-23,256057
2014-03-27,300942
2014-03-30,523323
2014-04-03,407465
2014-04-06,066039
2014-04-10,145844
2014-04-13,657322
2014-04-20,162206
2014-04-24,601731
2014-04-27,111877
2014-05-01,703535
2014-05-04,535709
2014-05-08,219833
2014-05-11,145471
2014-05-15,453093
2014-05-18,087215
2014-05-22,622723
2014-05-25,176387
2014-05-29,678286
2014-06-01,089351
2014-06-05,989686
2014-06-08,295795
2014-06-12,398677
2014-06-15,902140
2014-06-19,255035
2014-06-22,726573
2014-06-26,538545
2014-06-29,607229
2014-07-03,976340
2014-07-06,609346
2014-07-10,828719
2014-07-13,912593
2014-07-17,052154
2014-07-20,056737
2014-07-24,670289
2014-07-27,216864
2014-07-31,672297
2014-08-03,642335
2014-08-07,940383
2014-08-10,353776
2014-08-14,988782
2014-08-17,345495
2014-08-21,814070
2014-08-24,629074
2014-08-28,845235
2014-08-31,259576
2014-09-04,411794
2014-09-07,289530
2014-09-14,647040
2014-09-18,037854
2014-09-21,966721
2014-09-25,792696
2014-09-28,320938
2014-10-02,129177
2014-10-05,770990
2014-10-09,435391
2014-10-12,824050
2014-10-16,242195
2014-10-19,064387
2014-10-23,550318
2014-10-26,938435
2014-10-30,903509
2014-11-02,435266
2014-11-06,581956
2014-11-09,903256
2014-11-13,002684
2014-11-16,784897
2014-11-20,202769
2014-11-23,635754
2014-11-27,390759
2014-11-30,663594
2014-12-04,774127
2014-12-07,465869
2014-12-11,992574
2014-12-14,885304
2014-12-18,035513
2014-12-21,078043
2014-12-30,365543
2015-01-11,958545
2015-01-15,381449
2015-01-18,296307
2015-01-22,467284
2015-01-25,976817
2015-01-29,056526
2015-02-01,101332
2015-02-05,940217
2015-02-08,903867
2015-02-12,118111
2015-02-15,655810
2015-02-19,440040
2015-02-22,544537
2015-02-26,898360
2015-03-01,945472
2015-03-05,696938
2015-03-08,245347
2015-03-12,655199
2015-03-15,596633
2015-03-19,526819
2015-03-22,523048
2015-03-26,884696
2015-03-29,723326
2015-04-02,673336
2015-04-05,568476
2015-04-09,617876
2015-04-12,016295
2015-04-16,059949
2015-04-19,358440
2015-04-23,360957
2015-04-26,788783
2015-04-30,391937
2015-05-03,633045
2015-05-07,130379
2015-05-10,567054
2015-05-14,076428
2015-05-17,657701
2015-05-21,722905
2015-05-24,039390
2015-05-28,729213
2015-05-31,051050
2015-06-04,969536
2015-06-07,669122
2015-06-11,062942
2015-06-14,398175
2015-06-18,755254
2015-06-21,707710
2015-06-25,067829
2015-06-28,296785
2015-07-02,564825
2015-07-05,242956
2015-07-09,797906
2015-07-12,547692
2015-07-16,860190
2015-07-19,941132
2015-07-23,047719
2015-07-26,618957
2015-07-30,976302
2015-08-02,387595
2015-08-06,783909
2015-08-09,706757
2015-08-13,375887
2015-08-16,281929
2015-08-20,672802
2015-08-23,394139
2015-08-27,870683
2015-08-30,642801
2015-09-03,296466
2015-09-06,051939
2015-09-13,220663
2015-09-17,279811
2015-09-20,853844
2015-09-24,830033
2015-09-27,823034
2015-10-01,350697
2015-10-04,565699
2015-10-08,630392
2015-10-11,558912
2015-10-15,910599
2015-10-18,981902
2015-10-22,818359
2015-10-25,377685
2015-10-29,694046
2015-11-01,837854
2015-11-05,130998
2015-11-08,727781
2015-11-12,255439
2015-11-15,759948
2015-11-19,814459
2015-11-22,954505
2015-11-26,387531
2015-11-29,245548
2015-12-03,823995
2015-12-06,883206
2015-12-10,309066
2015-12-13,750291
2015-12-17,996510
2015-12-20,190190
2015-12-30,041034
2016-01-07,345105
2016-01-10,953284
2016-01-14,892205
2016-01-17,830146
2016-01-21,621448
2016-01-24,810474
2016-01-28,665075
2016-01-31,751099
2016-02-04,699394
2016-02-07,880655
2016-02-11,080024
2016-02-14,640883
2016-02-18,131568
2016-02-21,362534
2016-02-25,331357
2016-02-28,917700
2016-03-03,796346
2016-03-06,707619
2016-03-10,726528
2016-03-13,004028
2016-03-17,344154
2016-03-20,391487
2016-03-24,450178
2016-03-27,036080
2016-03-31,819701
2016-04-03,912801
2016-04-07,825439
2016-04-10,654607
2016-04-14,631453
2016-04-17,411051
2016-04-21,311232
2016-04-24,738319
2016-05-01,621850
2016-05-05,499967
2016-05-08,458732
2016-05-12,083840
2016-05-15,701606
2016-05-19,329139
2016-05-22,718918
2016-05-26,777762
2016-05-29,386549
2016-06-02,162215
2016-06-05,004329
2016-06-09,863357
2016-06-12,452260
2016-06-16,421924
2016-06-19,669611
2016-06-23,216016
2016-06-26,288965
2016-06-30,711621
2016-07-03,101540
2016-07-07,728455
2016-07-10,101617
2016-07-14,368307
2016-07-17,060039
2016-07-21,758921
2016-07-24,314946
2016-07-28,214698
2016-07-31,604124
2016-08-04,040498
2016-08-07,435544
2016-08-11,380191
2016-08-14,519528
2016-08-18,408247
2016-08-21,254525
2016-08-25,191733
2016-08-28,034699
2016-09-01,708157
2016-09-04,871036
2016-09-08,861459
2016-09-11,492793
2016-09-15,088287
2016-09-18,488412
2016-09-22,813116
2016-09-25,834437
2016-09-29,709160
2016-10-02,727987
2016-10-06,573983
2016-10-09,002703
2016-10-13,268456
2016-10-16,987509
2016-10-20,210936
2016-10-23,494096
2016-10-27,760714
2016-10-30,468000
2016-11-03,056056
2016-11-06,661733
2016-11-10,390475
2016-11-13,985689
2016-11-17,956284
2016-11-20,514859
2016-11-24,956336
2016-11-27,851623
2016-12-04,100338
2016-12-08,031193
2016-12-11,665306
2016-12-15,982384
2016-12-18,943853
2016-12-22,039264
2016-12-31,153775
2017-01-05,587600
2017-01-08,179306
2017-01-12,511371
2017-01-15,553523
2017-01-19,567941
2017-01-22,363968
2017-01-26,477739
2017-01-29,730406
2017-02-02,157004
2017-02-05,120003
2017-02-09,319303
2017-02-12,529645
2017-02-16,057604
2017-02-19,818831
2017-02-23,483489
2017-02-26,920114
2017-03-02,812101
2017-03-05,992807
2017-03-09,571479
2017-03-12,794577
2017-03-16,011915
2017-03-19,368582
2017-03-23,092541
2017-03-26,609598
2017-03-30,966132
2017-04-02,381608
2017-04-06,897976
2017-04-09,974783
2017-04-16,054531
2017-04-20,812065
2017-04-23,014318
2017-04-27,748982
2017-04-30,599921
2017-05-04,234073
2017-05-07,316245
2017-05-11,449062
2017-05-14,788952
2017-05-18,064574
2017-05-21,490964
2017-05-25,044236
2017-05-28,769639
2017-06-01,901151
2017-06-04,292916
2017-06-08,810337
2017-06-11,924244
2017-06-15,006401
2017-06-18,513493
2017-06-22,987608
2017-06-25,997609
2017-06-29,954484
2017-07-02,364544
2017-07-06,313403
2017-07-09,789338
2017-07-13,072908
2017-07-16,605818
2017-07-20,127785
2017-07-23,591147
2017-07-27,034939
2017-07-30,149336
2017-08-03,857043
2017-08-06,870072
2017-08-10,038314
2017-08-13,483367
2017-08-17,608101
2017-08-20,990976
2017-08-24,219732
2017-08-27,833874
2017-08-31,632481
2017-09-03,123705
2017-09-07,714888
2017-09-10,862134
2017-09-17,781121
2017-09-21,008047
2017-09-24,929365
2017-09-28,873617
2017-10-01,668211
2017-10-05,423214
2017-10-08,270849
2017-10-12,753362
2017-10-15,118685
2017-10-19,150668
2017-10-22,560030
2017-10-26,199354
2017-10-29,913954
2017-11-02,322344
2017-11-05,588411
2017-11-09,499948
2017-11-12,052726
2017-11-16,277094
2017-11-19,227286
2017-11-23,756607
2017-11-26,319121
2017-11-30,929609
2017-12-03,579144
2017-12-07,202223
2017-12-10,281027
2017-12-14,375157
2017-12-17,736507
2017-12-21,140191
2017-12-24,376564
2017-12-31,139137
2018-01-04,817636
2018-01-07,040353
2018-01-11,310247
2018-01-14,202271
2018-01-18,560060
2018-01-21,357113
2018-01-25,571915
2018-01-28,751368
2018-02-01,136790
2018-02-04,408135
2018-02-08,335119
2018-02-11,968166
2018-02-15,122518
2018-02-18,500453
2018-02-22,509167
2018-02-25,287781
2018-03-01,404802
2018-03-04,712723
2018-03-08,523329
2018-03-11,909430
2018-03-15,815267
2018-03-18,419207
2018-03-22,255656
2018-03-25,946437
2018-03-29,283097
2018-04-01,684319
2018-04-08,303608
2018-04-12,262935
2018-04-15,430000
2018-04-19,456500
2018-04-22,122835
2018-04-26,376036
2018-04-29,643753
2018-05-03,831214
2018-05-06,259347
2018-05-10,656944
2018-05-13,686983
2018-05-17,310133
2018-05-20,065039
2018-05-24,708891
2018-05-27,248833
2018-05-31,391528
2018-06-03,641294
2018-06-07,601360
2018-06-10,096068
2018-06-14,161872
2018-06-17,324001
2018-06-21,250829
2018-06-24,882206
2018-06-28,584773
2018-07-01,922708
2018-07-05,353335
2018-07-08,243892
2018-07-12,715358
2018-07-15,923287
2018-07-19,381196
2018-07-22,454710
2018-07-26,985087
2018-07-29,669746
2018-08-02,963631
2018-08-05,963631
2018-08-09,777866
2018-08-12,694005
2018-08-16,995838
2018-08-19,551822
2018-08-23,876071
2018-08-26,641650
2018-08-30,218284
2018-09-02,705485
2018-09-06,095701
2018-09-09,022072
2018-09-13,146725
2018-09-16,708053
2018-09-20,547969
2018-09-23,747081
2018-09-27,872797
2018-09-30,716309
2018-10-04,579104
2018-10-07,035445
2018-10-11,088731
2018-10-14,334272
2018-10-18,227898
2018-10-21,096521
2018-10-25,886424
2018-10-28,083973
2018-11-01,357002
2018-11-04,575360
2018-11-08,164461
2018-11-11,577252
2018-11-15,018165
2018-11-18,278311
2018-11-22,471561
2018-11-25,384850
2018-11-29,772377
2018-12-02,415735
2018-12-06,641613
2018-12-09,978692
2018-12-13,523159
2018-12-16,612633
2018-12-20,156439
2018-12-23,643148
2018-12-31,719970
2019-01-06,189674
2019-01-10,658557
2019-01-13,254592
2019-01-17,556223
2019-01-20,269867
2019-01-24,479325
2019-01-27,716920
2019-01-31,666500
2019-02-03,166635
2019-02-07,357837
2019-02-10,953014
2019-02-14,908816
2019-02-17,103469
2019-02-21,490599
2019-02-24,346619
2019-02-28,653112
2019-03-03,892267
2019-03-07,400105
2019-03-10,078196
2019-03-14,330603
2019-03-17,063403
2019-03-21,371575
2019-03-24,690320
2019-03-28,230382
2019-03-31,043816
2019-04-04,875282
2019-04-07,350337
2019-04-11,802536
2019-04-14,471160
2019-04-18,321132
2019-04-21,723472
2019-04-27,690218
2019-05-02,076224
2019-05-05,180978
2019-05-09,384677
2019-05-12,525170
2019-05-16,463678
2019-05-19,920081
2019-05-23,080986
2019-05-26,978109
2019-05-30,468545
2019-06-02,052728
2019-06-06,166354
2019-06-09,295915
2019-06-13,432039
2019-06-16,908223
2019-06-20,971314
2019-06-23,836157
2019-06-27,528784
2019-06-30,969138
2019-07-04,912242
2019-07-07,005913
2019-07-11,596645
2019-07-14,894442
2019-07-18,946602
2019-07-21,151597
2019-07-25,406210
2019-07-28,218955
2019-08-01,920535
2019-08-04,655658
2019-08-08,422409
2019-08-11,472341
2019-08-15,185321
2019-08-18,990228
2019-08-22,445873
2019-08-25,594386
2019-08-29,305313
2019-09-01,268908
2019-09-05,490775
2019-09-08,596077
2019-09-12,325027
2019-09-15,270577
2019-09-19,152909
2019-09-22,814959
2019-09-26,593691
2019-09-29,941943
2019-10-03,158398
2019-10-06,311386
2019-10-10,014310
2019-10-13,537203
2019-10-17,852891
2019-10-20,025475
2019-10-24,153168
2019-10-27,983856
2019-10-31,634749
2019-11-03,939743
2019-11-05,385898
2019-11-07,599822
2019-11-10,327097
2019-11-12,011792
2019-11-14,537633
2019-11-17,529551
2019-11-19,899074
2019-11-21,986262
2019-11-24,997447
2019-11-28,952773
2019-12-01,253930
2019-12-08,637417
2019-12-15,667357
2019-12-22,563712
2020-01-05,738193
2020-01-09,760138
2020-01-12,205081
2020-01-16,639911
2020-01-19,845019
2020-01-23,974779
2020-01-26,139089
2020-01-30,367044
2020-02-02,422859
2020-02-06,839805
2020-02-09,645556
2020-02-13,001436
2020-02-16,775602
2020-02-20,468357
2020-02-23,160460
2020-02-27,414838
2020-03-01,064188
2020-03-05,791149
2020-03-08,720557
2020-03-12,793800
2020-03-15,226069
2020-03-19,932279
2020-06-21,319067
2020-06-25,967924
2020-06-28,816199
2020-07-02,434472
2020-07-05,681709
2020-07-09,249936
2020-07-12,452380
2020-07-16,269759
2020-07-19,950737
2020-07-23,676889
2020-07-26,452984
2020-07-30,823749
2020-08-02,792084
2020-08-06,998697
2020-08-09,012828
2020-08-13,792316
2020-08-16,133720
2020-08-20,042290
2020-08-23,950590
2020-08-27,794502
2020-08-30,309298
2020-09-03,954461
2020-09-06,853164
2020-09-10,887153
2020-09-13,637526
2020-09-17,213199
2020-09-20,193592
2020-09-24,545299
2020-09-27,502190
2020-10-01,313225
2020-10-04,375071
2020-10-08,156292
2020-10-11,663865
2020-10-15,301969
2020-10-18,254739
2020-10-22,573047
2020-10-25,194489
2020-10-29,954071
2020-11-01,597971
2020-11-05,322457
2020-11-08,447476
2020-11-12,860324
2020-11-15,284490
2020-11-19,674672
2020-11-22,539802
2020-11-26,013482
2020-11-29,387840
2020-12-03,298331
2020-12-06,536591
2020-12-10,470050
2020-12-13,183352
2020-12-17,068113
2020-12-20,569489
2020-12-24,587763
2020-12-31,317204
2021-01-03,842471
2021-01-07,728187
2021-01-10,238264
2021-01-14,641127
2021-01-17,751091
2021-01-21,637373
2021-01-24,103147
2021-01-28,554128
2021-01-31,559759
2021-02-04,747094
2021-02-07,424067
2021-02-11,892103
2021-02-14,366789
2021-02-18,546232
2021-02-21,355538
2021-02-25,343354
2021-02-28,304099
2021-03-04,845963
2021-03-07,169213
2021-03-11,719225
2021-03-14,336730
2021-03-18,989302
2021-03-21,604108
2021-03-25,730458
2021-03-28,038005
2021-04-01,149586
2021-04-04,137529
2021-04-08,060629
2021-04-11,983605
2021-04-15,216050
2021-04-18,682000
2021-04-22,568933
2021-04-25,386867
2021-05-01,410283
2021-05-06,787840
2021-05-09,457133
2021-05-13,400722
2021-05-16,225311
2021-05-20,097203
2021-05-23,876416
2021-05-27,321018
2021-05-30,267391
2021-06-03,751653
2021-06-06,993480
2021-06-10,057672
2021-06-13,418155
2021-06-17,500388
2021-06-20,978653
2021-06-24,248267
2021-06-27,883976
2021-07-01,534369
2021-07-04,458243
2021-07-08,167129
2021-07-11,889229
2021-07-15,428531
2021-07-18,590741
2021-07-22,181596
2021-07-25,749292
2021-07-29,144815
2021-08-01,124243
2021-08-05,389611
2021-08-08,733763
2021-08-12,977131
2021-08-15,455813
2021-08-19,841348
2021-08-22,997650
2021-08-26,218041
2021-08-29,256557
2021-09-02,833202
2021-09-05,305212
2021-09-09,625299
2021-09-12,338145
2021-09-16,285516
2021-09-19,415974
2021-09-23,786294
2021-09-26,847862
2021-09-30,534807
2021-10-03,080839
2021-10-07,065318
2021-10-10,941161
2021-10-14,758005
2021-10-17,555238
2021-10-21,755743
2021-10-24,126324
2021-10-28,602119
2021-10-31,387892
2021-11-04,316363
2021-11-07,602646
2021-11-11,033070
2021-11-14,311991
2021-11-18,778796
2021-11-21,540492
2021-11-25,759816
2021-11-28,447059
2021-12-05,938928
2021-12-09,426530
2021-12-12,161059
2021-12-16,234521
2021-12-19,518222
2021-12-24,783110
2021-12-31,479167
2022-01-06,179743
2022-01-09,319834
2022-01-13,367830
2022-01-16,023009
2022-01-20,724492
2022-01-23,972160
2022-01-27,966332
2022-01-30,592238
2022-02-03,913351
2022-02-06,021984
2022-02-10,059685
2022-02-13,052533
2022-02-17,369460
2022-02-20,364544
2022-02-27,924642
2022-03-03,219246
2022-03-06,145424
2022-03-10,543591
2022-03-13,195509
2022-03-17,316713
2022-03-20,634247
2022-03-24,472764
2022-03-27,369158
2022-03-31,975858
2022-04-03,547571
2022-04-07,094834
2022-04-10,569438
2022-04-14,145593
2022-04-17,209079
2022-04-23,572243
2022-04-28,783309
2022-05-01,408830
2022-05-05,283991
2022-05-08,051230
2022-05-12,413031
2022-05-15,838759
2022-05-19,477037
2022-05-22,587613
2022-05-26,079719
2022-05-29,308808
2022-06-02,688513
2022-06-05,883994
2022-06-09,642922
2022-06-12,377494
2022-06-16,373569
2022-06-19,239490
2022-06-23,813324
2022-06-26,360919
2022-06-30,076752
2022-07-03,000063
2022-07-07,375092
2022-07-10,566268
2022-07-14,070490
2022-07-17,995548
2022-07-21,560658
2022-07-24,924882
2022-07-28,946621
2022-07-31,726540
2022-08-04,369552
2022-08-07,740588
2022-08-11,270436
2022-08-14,327914
2022-08-18,258670
2022-08-21,540149
2022-08-25,328917
2022-08-28,375749
2022-09-01,523295
2022-09-04,753161
2022-09-08,934848
2022-09-11,474669
2022-09-15,989794
2022-09-18,504237
2022-09-22,520886
2022-09-25,677067
2022-09-29,155331
2022-10-02,795426
2022-10-06,550560
2022-10-09,348921
2022-10-13,624524
2022-10-16,391994
2022-10-20,387346
2022-10-23,724886
2022-10-27,434065
2022-10-30,783816
2022-11-03,408788
2022-11-06,788444
2022-11-10,808641
2022-11-13,334421
2022-11-17,326503
2022-11-20,348525
2022-11-24,493702
2022-11-27,089430
2022-12-04,464216
2022-12-08,444050
2022-12-11,616074
2022-12-15,004906
2022-12-18,632725
2022-12-24,682063
2022-12-31,732303
2023-01-05,699868
2023-01-08,581632
2023-01-12,789276
2023-01-15,223598
2023-01-19,963812
2023-01-22,503430
2023-01-26,699147
2023-01-29,418901
2023-02-02,640308
2023-02-05,773877
2023-02-09,822543
2023-02-12,703497
2023-02-16,199962
2023-02-19,474394
2023-02-23,592191
2023-02-26,381379
2023-03-02,400606
2023-03-05,456939
2023-03-09,084101
2023-03-12,701492
2023-03-16,251056
2023-03-19,073322
2023-03-23,386321
2023-03-26,123164
2023-03-30,311133
2023-04-03,853978
2023-04-06,351633
2023-04-09,046921
2023-04-15,357853
2023-04-20,414579
2023-04-23,077910
2023-04-27,845188
2023-04-30,547606
2023-05-04,626704
2023-05-07,110639
2023-05-11,059946
2023-05-14,074131
2023-05-18,158136
2023-05-21,180352
2023-05-25,885275
2023-05-28,141617
2023-06-01,502489
2023-06-04,547727
2023-06-08,587103
2023-06-11,179908
2023-06-15,373068
2023-06-18,806444
2023-06-22,155250
2023-06-25,462859
2023-06-29,231199
2023-07-02,153085
2023-07-06,174423
2023-07-09,707130
2023-07-13,482678
2023-07-16,610898
2023-07-20,399214
2023-07-23,871375
2023-07-27,125118
2023-07-30,204914
2023-08-03,599521
2023-08-06,176546
2023-08-10,812588
2023-08-13,516626
2023-08-17,536250
2023-08-20,023759
2023-08-24,827575
2023-08-27,821474
2023-08-31,218566
2023-09-03,225918
2023-09-07,626332
2023-09-10,932602
2023-09-14,037852
2023-09-17,809976
2023-09-21,315186
2023-09-24,854682
2023-09-28,409058
2023-10-01,366028
2023-10-05,508520
2023-10-08,055222
2023-10-12,034346
2023-10-15,217518
2023-10-19,103067
2023-10-22,235562
2023-10-26,534911
2023-10-29,742000
2023-11-02,746156
2023-11-05,868514
2023-11-09,805942
2023-11-12,704124
2023-11-16,140559
2023-11-19,230283
2023-11-23,346593
2023-11-26,248683
2023-12-03,119847
2023-12-07,057201
2023-12-10,847276
2023-12-14,427816
2023-12-17,877834
2023-12-21,969773
2023-12-24,226345
2023-12-31,571865
2024-01-04,923700
2024-01-07,417953
2024-01-11,122700
2024-01-14,419113
2024-01-18,261461
2024-01-21,066994
2024-01-25,944547
2024-01-28,798270
2024-02-01,954301
2024-02-04,661401
2024-02-08,651836
2024-02-11,866079
2024-02-15,071049
2024-02-18,887307
2024-02-22,079596
2024-02-25,108235
2024-02-29,692175
2024-03-03,273096
2024-03-07,117368
2024-03-10,655873
2024-03-14,480489
2024-03-17,747411
2024-03-21,892431
2024-03-24,243555
2024-03-28,190926
2024-03-31,438477
2024-04-04,240926
2024-04-07,072963
2024-04-11,172865
2024-04-14,968147
2024-04-18,531689
2024-04-21,341670
2024-04-25,101378
2024-04-28,580696
2024-05-04,062306
2024-05-09,903883
2024-05-12,066438
2024-05-16,611534
2024-05-19,351097
2024-05-23,331703
2024-05-26,374847
2024-05-30,632036
2024-06-02,704771
2024-06-06,794644
2024-06-09,408374
2024-06-13,974344
2024-06-16,652966
2024-06-20,030442
2024-06-23,601461
2024-06-27,945506
2024-06-30,045011
2024-07-04,528006
2024-07-07,312410
2024-07-11,898045
2024-07-14,731889
2024-07-18,638351
2024-07-21,824811
2024-07-25,855033
2024-07-28,786457
2024-08-01,887184
2024-08-04,124429
2024-08-08,176685
2024-08-11,770016
2024-08-15,613218
2024-08-18,569179
2024-08-22,358637
2024-08-25,512659
2024-08-29,850939
2024-09-01,436096
2024-09-05,994202
2024-09-08,681992
2024-09-12,838421
2024-09-15,816227
2024-09-19,616208
2024-09-22,821220
2024-09-26,842235
2024-09-29,288629
2024-10-03,640986
2024-10-06,583118
2024-10-10,964007
2024-10-13,904674
2024-10-17,741274
2024-10-20,544146
2024-10-24,821076
2024-10-27,427878
2024-10-31,627194
2024-11-03,684994
2024-11-07,412600
2024-11-10,425150
2024-11-14,361832
2024-11-17,155347
2024-11-21,228238
2024-11-24,765884
2024-11-28,177342
2024-12-01,175440
2024-12-05,513959
2024-12-08,580003
2024-12-12,374643
2024-12-15,435237
2024-12-19,767203
2024-12-22,671410
2024-12-31,135579
2025-01-05,939001
2025-01-09,598969
2025-01-12,483569
2025-01-16,910150
2025-01-19,424918
2025-01-23,220315
2025-01-27,349770
2025-01-30,975619
2025-02-02,870203
2025-02-06,134773
2025-02-09,144313
2025-02-13,370102
2025-02-16,358637
2025-02-20,419605
2025-02-23,109826
2025-02-27,932169
2025-03-02,596601
2025-03-06,055199
2025-03-09,025105
2025-03-13,499766
2025-03-16,305652
2025-03-20,454476
2025-03-23,403514
2025-03-27,851111
2025-03-30,789320
2025-04-03,791896
2025-04-06,156299
2025-04-10,276540
2025-04-13,130981
2025-04-19,706396
2025-04-24,097551
2025-04-27,326142
2025-05-01,759492
2025-05-04,471582
2025-05-08,967333
2025-05-11,041612
2025-05-15,475195
2025-05-18,938139
2025-05-22,113904
2025-05-25,849540
2025-05-29,450696
2025-06-01,725425
2025-06-05,924418
2025-06-08,804163
2025-06-12,030837
2025-06-15,131706
2025-06-19,628237
2025-06-22,946289
2025-06-26,998091
2025-06-29,472931
2025-07-03,472784
2025-07-06,282269
2025-07-10,166533
2025-07-13,980911
2025-07-17,130456
2025-07-20,233902
2025-07-24,052326
2025-07-27,611374
2025-07-31,398583
2025-08-03,202727
2025-08-07,422545
2025-08-10,013033
2025-08-14,029277
2025-08-17,299916
2025-08-21,669500
2025-08-24,995521
2025-08-28,099293
2025-08-31,000118
2025-09-04,093386
2025-09-07,757373
2025-09-11,135582
2025-09-14,501562
2025-09-18,227859
2025-09-21,006549
2025-09-25,453316
2025-09-28,943012
2025-10-02,295471
2025-10-05,842098
2025-10-09,766014
2025-10-12,201852
2025-10-16,137272
2025-10-19,667110
2025-10-23,036707
2025-10-26,468803
2025-10-30,653755
2025-11-02,904540
2025-11-06,106958
2025-11-09,370610
2025-11-13,588524
2025-11-16,818238
2025-11-20,207016
2025-11-23,000066
2025-11-27,512743
2025-11-30,417214
2025-12-04,063984
2025-12-07,043144
2025-12-11,440943
2025-12-14,949755
2025-12-14,949755
