data,nr_noroc_plus
2011-04-07,0251608
2011-04-10,0926208
2011-04-14,0113588
2011-04-17,0891488
2011-04-21,0331364
2011-04-24,0741612
2011-04-28,0587999
2011-05-01,0744528
2011-05-05,0050726
2011-05-08,0431438
2011-05-12,0753890
2011-05-15,0532880
2011-05-19,0728265
2011-05-22,0873093
2011-05-26,0811164
2011-05-29,0773261
2011-06-02,0671279
2011-06-05,0151036
2011-06-09,0279539
2011-06-12,0681432
2011-06-16,0368445
2011-06-19,0900763
2011-06-23,0477727
2011-06-26,0133494
2011-06-30,0518635
2011-07-03,0568026
2011-07-07,0547937
2011-07-10,0345832
2011-07-14,0659107
2011-07-17,0097009
2011-07-21,0273007
2011-07-24,0983287
2011-07-28,0104364
2011-07-31,0097243
2011-08-04,0409026
2011-08-07,0821439
2011-08-11,0900955
2011-08-14,0357473
2011-08-18,0424156
2011-08-21,0569620
2011-08-25,0109799
2011-08-28,0597555
2011-09-01,0782394
2011-09-04,0069874
2011-09-08,0747965
2011-09-11,0282883
2011-09-15,0838995
2011-09-18,0733455
2011-09-22,0633018
2011-09-25,0920014
2011-09-29,0125487
2011-10-02,0439234
2011-10-06,0841794
2011-10-09,0697383
2011-10-13,0712455
2011-10-16,0646328
2011-10-20,0217995
2011-10-23,0029359
2011-10-27,0022158
2011-10-30,0188812
2011-11-03,0835982
2011-11-06,0244346
2011-11-10,0574490
2011-11-13,0514625
2011-11-17,0631442
2011-11-20,0653716
2011-11-24,0959095
2011-11-27,0377906
2011-12-01,0017751
2011-12-04,0186765
2011-12-08,0473210
2011-12-11,0029329
2011-12-15,0499779
2011-12-18,0101903
2011-12-22,0706044
2011-12-30,0133973
2012-01-05,0948427
2012-01-08,0878570
2012-01-12,0489623
2012-01-15,0819072
2012-01-19,0139261
2012-01-22,0578919
2012-01-26,0994574
2012-01-29,0708568
2012-02-02,0223196
2012-02-05,0114276
2012-02-09,0074063
2012-02-12,0146524
2012-02-16,0067580
2012-02-19,0884781
2012-02-23,0870677
2012-02-26,0641723
2012-03-01,0479155
2012-03-04,0676407
2012-03-08,0082267
2012-03-11,0688794
2012-03-15,0543316
2012-03-18,0265771
2012-03-22,0827613
2012-03-25,0800101
2012-03-29,0673981
2012-04-01,0635488
2012-04-05,0506146
2012-04-08,0643189
2012-04-15,0492202
2012-04-19,0573516
2012-04-22,0916506
2012-04-26,0280386
2012-04-29,0713371
2012-05-03,0907485
2012-05-06,0629689
2012-05-10,0028251
2012-05-13,0401025
2012-05-17,0046675
2012-05-20,0807908
2012-05-24,0115599
2012-05-27,0304153
2012-05-31,0225023
2012-06-03,0588676
2012-06-07,0865907
2012-06-10,0328536
2012-06-14,0880413
2012-06-17,0533982
2012-06-21,0183683
2012-06-24,0129426
2012-06-28,0660140
2012-07-01,0185735
2012-07-05,0239073
2012-07-08,0128801
2012-07-12,0804832
2012-07-15,0431374
2012-07-19,0382925
2012-07-22,0961936
2012-07-26,0170090
2012-07-29,0237310
2012-08-02,0254107
2012-08-05,0917211
2012-08-09,0594127
2012-08-12,0362621
2012-08-16,0681849
2012-08-19,0375673
2012-08-23,0375673
2012-08-26,0704408
2012-08-30,0117430
2012-09-02,0029197
2012-09-06,0984711
2012-09-09,0743402
2012-09-16,0389198
2012-09-20,0585024
2012-09-23,0632786
2012-09-27,0739622
2012-09-30,0540780
2012-10-04,0402534
2012-10-07,0989571
2012-10-11,0182080
2012-10-14,0122506
2012-10-18,0511388
2012-10-21,0599889
2012-10-25,0150820
2012-10-28,0465982
2012-11-01,0075961
2012-11-04,0426814
2012-11-08,0378188
2012-11-11,0182179
2012-11-15,0175589
2012-11-18,0941196
2012-11-22,0411071
2012-11-25,0132987
2012-11-29,0798963
2012-12-02,0674321
2012-12-06,0910576
2012-12-09,0208105
2012-12-13,0781406
2012-12-16,0176670
2012-12-20,0732246
2012-12-23,0501898
2012-12-30,0237464
2013-01-06,0053720
2013-01-10,0292344
2013-01-13,0703216
2013-01-17,0462091
2013-01-20,0668094
2013-01-24,0732556
2013-01-27,0080373
2013-01-31,0292530
2013-02-03,0365770
2013-02-07,0135585
2013-02-10,0741073
2013-02-14,0916457
2013-02-17,0859252
2013-02-21,0111651
2013-02-24,0023081
2013-02-28,0332103
2013-03-03,0349015
2013-03-07,0230349
2013-03-10,0597011
2013-03-14,0971558
2013-03-17,0816174
2013-03-21,0998775
2013-03-24,0573280
2013-03-28,0148302
2013-03-31,0748710
2013-04-04,0802094
2013-04-07,0253533
2013-04-11,0051347
2013-04-14,0598222
2013-04-18,0854877
2013-04-21,0975233
2013-04-25,0475985
2013-04-28,0024891
2013-05-05,0515227
2013-05-09,0451170
2013-05-12,0119703
2013-05-16,0836544
2013-05-19,0205073
2013-05-23,0942786
2013-05-26,0049733
2013-05-30,0731984
2013-06-02,0554024
2013-06-06,0970056
2013-06-09,0462652
2013-06-13,0396969
2013-06-16,0260233
2013-06-20,0162680
2013-06-23,0934655
2013-06-27,0287605
2013-06-30,0867535
2013-07-04,0504660
2013-07-07,0627425
2013-07-11,0682092
2013-07-14,0805737
2013-07-18,0285760
2013-07-21,0106121
2013-07-25,0200521
2013-07-28,0216292
2013-08-01,0408130
2013-08-04,0587438
2013-08-08,0860202
2013-08-11,0009931
2013-08-15,0406992
2013-08-18,0914479
2013-08-22,0464844
2013-08-25,0213025
2013-08-29,0622030
2013-09-01,0192968
2013-09-05,0810463
2013-09-08,0510152
2013-09-15,0064802
2013-09-19,0036260
2013-09-22,0832040
2013-09-26,0850115
2013-09-29,0370809
2013-10-03,0969729
2013-10-06,0329851
2013-10-10,0420510
2013-10-13,0349279
2013-10-17,0602957
2013-10-20,0392116
2013-10-24,0070788
2013-10-27,0398604
2013-10-31,0965034
2013-11-03,0742208
2013-11-07,0995008
2013-11-10,0289911
2013-11-14,0290854
2013-11-17,0020174
2013-11-21,0435878
2013-11-24,0773641
2013-11-28,0501272
2013-12-01,0917649
2013-12-05,0771476
2013-12-08,0201893
2013-12-12,0824903
2013-12-15,0027696
2013-12-19,0059662
2013-12-22,0354627
2013-12-30,0267486
2014-01-05,0010671
2014-01-09,0075050
2014-01-12,0697570
2014-01-16,0784255
2014-01-19,0728162
2014-01-23,0185462
2014-01-26,0336767
2014-01-30,0554532
2014-02-02,0572166
2014-02-06,0515477
2014-02-09,0989027
2014-02-13,0104269
2014-02-16,0355576
2014-02-20,0078145
2014-02-23,0864857
2014-02-27,0738398
2014-03-02,0349344
2014-03-06,0219293
2014-03-09,0208172
2014-03-13,0594886
2014-03-16,0826164
2014-03-20,0981649
2014-03-23,0396703
2014-03-27,0951037
2014-03-30,0561515
2014-04-03,0982700
2014-04-06,0598248
2014-04-10,0825895
2014-04-13,0202012
2014-04-20,0405121
2014-04-24,0748526
2014-04-27,0670965
2014-05-01,0594726
2014-05-04,0703701
2014-05-08,0087884
2014-05-11,0057001
2014-05-15,0797982
2014-05-18,0414080
2014-05-22,0867168
2014-05-25,0388646
2014-05-29,0286433
2014-06-01,0766182
2014-06-05,0706366
2014-06-08,0817738
2014-06-12,0668786
2014-06-15,0813811
2014-06-19,0947433
2014-06-22,0712370
2014-06-26,0359689
2014-06-29,0590240
2014-07-03,0713869
2014-07-06,0619055
2014-07-10,0151196
2014-07-13,0447840
2014-07-17,0989668
2014-07-20,0821712
2014-07-24,0736929
2014-07-27,0547035
2014-07-31,0215153
2014-08-03,0270935
2014-08-07,0633565
2014-08-10,0451469
2014-08-14,0425664
2014-08-17,0576618
2014-08-21,0522562
2014-08-24,0337585
2014-08-28,0720260
2014-08-31,0248623
2014-09-04,0787211
2014-09-07,0851806
2014-09-14,0142795
2014-09-18,0313837
2014-09-21,0752463
2014-09-25,0803702
2014-09-28,0198046
2014-10-02,0611721
2014-10-05,0789292
2014-10-09,0206393
2014-10-12,0039114
2014-10-16,0661678
2014-10-19,0421566
2014-10-23,0558945
2014-10-26,0653175
2014-10-30,0169212
2014-11-02,0829684
2014-11-06,0771293
2014-11-09,0288783
2014-11-13,0698516
2014-11-16,0884663
2014-11-20,0752951
2014-11-23,0613017
2014-11-27,0541541
2014-11-30,0626187
2014-12-04,0515010
2014-12-07,0498447
2014-12-11,0751242
2014-12-14,0962962
2014-12-18,0635982
2014-12-21,0569052
2014-12-30,0984326
2015-01-11,0818005
2015-01-15,0660646
2015-01-18,0816521
2015-01-22,0384454
2015-01-25,0322985
2015-01-29,0979998
2015-02-01,0322985
2015-02-05,0900947
2015-02-08,0239658
2015-02-12,0037504
2015-02-15,0528343
2015-02-19,0548475
2015-02-22,0830393
2015-02-26,0238613
2015-03-01,0768284
2015-03-05,0066222
2015-03-08,0724183
2015-03-12,0783022
2015-03-15,0548882
2015-03-19,0903199
2015-03-22,0956953
2015-03-26,0036341
2015-03-29,0625605
2015-04-02,0366870
2015-04-05,0710346
2015-04-09,0751904
2015-04-12,0996691
2015-04-16,0288922
2015-04-19,0962533
2015-04-23,0082885
2015-04-26,0172198
2015-04-30,0602854
2015-05-03,0625073
2015-05-07,0111761
2015-05-10,0552405
2015-05-14,0985433
2015-05-17,0638294
2015-05-21,0922320
2015-05-24,0405700
2015-05-28,0534766
2015-05-31,0514357
2015-06-04,0128222
2015-06-07,0132574
2015-06-11,0659471
2015-06-14,0543928
2015-06-18,0694190
2015-06-21,0041596
2015-06-25,0971503
2015-06-28,0516285
2015-07-02,0261939
2015-07-05,0267288
2015-07-09,0168553
2015-07-12,0718587
2015-07-16,0233493
2015-07-19,0954515
2015-07-23,0473616
2015-07-26,0221054
2015-07-30,0841211
2015-08-02,0414608
2015-08-06,0668719
2015-08-09,0487027
2015-08-13,0565757
2015-08-16,0045903
2015-08-20,0565757
2015-08-23,0405596
2015-08-27,0791546
2015-08-30,0682081
2015-09-03,0404123
2015-09-06,0689442
2015-09-13,0057814
2015-09-17,0180833
2015-09-20,0046570
2015-09-24,0448393
2015-09-27,0641377
2015-10-01,0678296
2015-10-04,0710972
2015-10-08,0505578
2015-10-11,0483345
2015-10-15,0043429
2015-10-18,0756879
2015-10-22,0999010
2015-10-25,0345523
2015-10-29,0162763
2015-11-01,0221493
2015-11-05,0653807
2015-11-08,0870611
2015-11-12,0508345
2015-11-15,0846893
2015-11-19,0645028
2015-11-22,0426744
2015-11-26,0071531
2015-11-29,0304458
2015-12-03,0878220
2015-12-06,0696798
2015-12-10,0767646
2015-12-13,0686603
2015-12-17,0658720
2015-12-20,0798252
2015-12-30,0756880
2016-01-07,0407146
2016-01-10,0550191
2016-01-14,0188196
2016-01-17,0460174
2016-01-21,0548498
2016-01-24,0391275
2016-01-28,0637666
2016-01-31,0993264
2016-02-04,0033033
2016-02-07,0857208
2016-02-11,0577782
2016-02-14,0019467
2016-02-18,0687567
2016-02-21,0887338
2016-02-25,0182611
2016-02-28,0779112
2016-03-03,0489025
2016-03-06,0190889
2016-03-10,0802735
2016-03-13,0291465
2016-03-17,0327441
2016-03-20,0826300
2016-03-24,0931998
2016-03-27,0014693
2016-03-31,0875105
2016-04-03,0038345
2016-04-07,0911831
2016-04-10,0452445
2016-04-14,0207867
2016-04-17,0844844
2016-04-21,0703390
2016-04-24,0981335
2016-05-01,0845976
2016-05-05,0262895
2016-05-08,0564023
2016-05-12,0352286
2016-05-15,0896306
2016-05-19,0518329
2016-05-22,0235011
2016-05-26,0359141
2016-05-29,0182230
2016-06-02,0786129
2016-06-05,0315677
2016-06-09,0504473
2016-06-12,0682613
2016-06-16,0413012
2016-06-19,0060857
2016-06-23,0608707
2016-06-26,0522686
2016-06-30,0442683
2016-07-03,0847489
2016-07-07,0391572
2016-07-10,0901706
2016-07-14,0563343
2016-07-17,0631338
2016-07-21,0115580
2016-07-24,0939739
2016-07-28,0732151
2016-07-31,0134928
2016-08-04,0463951
2016-08-07,0727201
2016-08-11,0364809
2016-08-14,0859049
2016-08-18,0281598
2016-08-21,0258399
2016-08-25,0611959
2016-08-28,0018129
2016-09-01,0850169
2016-09-04,0871601
2016-09-08,0398878
2016-09-11,0914084
2016-09-15,0292765
2016-09-18,0921173
2016-09-22,0469397
2016-09-25,0812778
2016-09-29,0918512
2016-10-02,0661190
2016-10-06,0692667
2016-10-09,0819320
2016-10-13,0803682
2016-10-16,0887002
2016-10-20,0115969
2016-10-23,0924473
2016-10-27,0396674
2016-10-30,0003363
2016-11-03,0756295
2016-11-06,0080147
2016-11-10,0335928
2016-11-13,0517188
2016-11-17,0881114
2016-11-20,0416885
2016-11-24,0970561
2016-11-27,0741581
2016-12-04,0154157
2016-12-08,0166291
2016-12-11,0786069
2016-12-15,0676053
2016-12-18,0330927
2016-12-22,0964973
2016-12-31,0268670
2017-01-05,0349560
2017-01-08,0554903
2017-01-12,0807189
2017-01-15,0643808
2017-01-19,0723887
2017-01-22,0574839
2017-01-26,0461514
2017-01-29,0502319
2017-02-02,0913219
2017-02-05,0627749
2017-02-09,0929143
2017-02-12,0583726
2017-02-16,0259776
2017-02-19,0807635
2017-02-23,0740315
2017-02-26,0372843
2017-03-02,0376712
2017-03-05,0845290
2017-03-09,0300650
2017-03-12,0596029
2017-03-16,0514466
2017-03-19,0160039
2017-03-23,0230839
2017-03-26,0466437
2017-03-30,0100658
2017-04-02,0792431
2017-04-06,0464965
2017-04-09,0390854
2017-04-16,0738841
2017-04-20,0050680
2017-04-23,0069376
2017-04-27,0312934
2017-04-30,0540709
2017-05-04,0880433
2017-05-07,0747924
2017-05-11,0074274
2017-05-14,0413305
2017-05-18,0368500
2017-05-21,0092353
2017-05-25,0751766
2017-05-28,0740419
2017-06-01,0260921
2017-06-04,0118128
2017-06-08,0696766
2017-06-11,0488145
2017-06-15,0357985
2017-06-18,0047372
2017-06-22,0794190
2017-06-25,0806438
2017-06-29,0530056
2017-07-02,0213775
2017-07-06,0895543
2017-07-09,0350013
2017-07-13,0942645
2017-07-16,0046431
2017-07-20,0232982
2017-07-23,0815418
2017-07-27,0219214
2017-07-30,0481914
2017-08-03,0764486
2017-08-06,0004645
2017-08-10,0888396
2017-08-13,0478098
2017-08-17,0130531
2017-08-20,0978061
2017-08-24,0703695
2017-08-27,0304346
2017-08-31,0033294
2017-09-03,0220339
2017-09-07,0504998
2017-09-10,0753254
2017-09-17,0670889
2017-09-21,0060261
2017-09-24,0292430
2017-09-28,0386202
2017-10-01,0637890
2017-10-05,0652026
2017-10-08,0196875
2017-10-12,0875057
2017-10-15,0756724
2017-10-19,0463929
2017-10-22,0311296
2017-10-26,0096070
2017-10-29,0049969
2017-11-02,0558187
2017-11-05,0089512
2017-11-09,0247992
2017-11-12,0306494
2017-11-16,0964188
2017-11-19,0041155
2017-11-23,0618465
2017-11-26,0422512
2017-11-30,0235972
2017-12-03,0743908
2017-12-07,0962460
2017-12-10,0277489
2017-12-14,0798609
2017-12-17,0397040
2017-12-21,0919337
2017-12-24,0904170
2017-12-31,0657647
2018-01-04,0294949
2018-01-07,0869342
2018-01-11,0826657
2018-01-14,0040421
2018-01-18,0149781
2018-01-21,0660505
2018-01-25,0281153
2018-01-28,0875028
2018-02-01,0441748
2018-02-04,0701681
2018-02-08,0103120
2018-02-11,0451568
2018-02-15,0094625
2018-02-18,0839687
2018-02-22,0890496
2018-02-25,0156940
2018-03-01,0485963
2018-03-04,0245516
2018-03-08,0177093
2018-03-11,0884661
2018-03-15,0575390
2018-03-18,0459436
2018-03-22,0286043
2018-03-25,0798286
2018-03-29,0943279
2018-04-01,0160394
2018-04-08,0652611
2018-04-12,0855460
2018-04-15,0708406
2018-04-19,0325845
2018-04-22,0833259
2018-04-26,0152754
2018-04-29,0181224
2018-05-03,0730505
2018-05-06,0772085
2018-05-10,0809646
2018-05-13,0543671
2018-05-17,0923093
2018-05-20,0299809
2018-05-24,0114818
2018-05-27,0834831
2018-05-31,0955930
2018-06-03,0235133
2018-06-07,0177488
2018-06-10,0509866
2018-06-14,0762260
2018-06-17,0623642
2018-06-21,0491245
2018-06-24,0359548
2018-06-28,0009496
2018-07-01,0295512
2018-07-05,0521377
2018-07-08,0655026
2018-07-12,0581620
2018-07-15,0778952
2018-07-19,0675590
2018-07-22,0810467
2018-07-26,0140053
2018-07-29,0653808
2018-08-02,0916127
2018-08-05,0390814
2018-08-09,0930801
2018-08-12,0194449
2018-08-16,0782286
2018-08-19,0478181
2018-08-23,0819338
2018-08-26,0051564
2018-08-30,0145316
2018-09-02,0394805
2018-09-06,0335722
2018-09-09,0545844
2018-09-13,0409963
2018-09-16,0532142
2018-09-20,0983256
2018-09-23,0504015
2018-09-27,0835921
2018-09-30,0170669
2018-10-04,0849787
2018-10-07,0348051
2018-10-11,0818320
2018-10-14,0848059
2018-10-18,0841078
2018-10-21,0811641
2018-10-25,0669026
2018-10-28,0590267
2018-11-01,0315165
2018-11-04,0853818
2018-11-08,0211651
2018-11-11,0820904
2018-11-15,0775713
2018-11-18,0932769
2018-11-22,0098119
2018-11-25,0761420
2018-11-29,0493437
2018-12-02,0628305
2018-12-06,0708820
2018-12-09,0994577
2018-12-13,0756262
2018-12-16,0468064
2018-12-20,0638045
2018-12-23,0723763
2018-12-31,0544953
2019-01-06,0843961
2019-01-10,0394484
2019-01-13,0713791
2019-01-17,0824583
2019-01-20,0596383
2019-01-24,0758179
2019-01-27,0679580
2019-01-31,0546622
2019-02-03,0719323
2019-02-07,0312352
2019-02-10,0509698
2019-02-14,0685736
2019-02-17,0166361
2019-02-21,0625613
2019-02-24,0166993
2019-02-28,0965739
2019-03-03,0627542
2019-03-07,0669046
2019-03-10,0095325
2019-03-14,0635551
2019-03-17,0669287
2019-03-21,0218690
2019-03-24,0413944
2019-03-28,0015833
2019-03-31,0128685
2019-04-04,0366646
2019-04-07,0234940
2019-04-11,0953023
2019-04-14,0584662
2019-04-18,0087183
2019-04-21,0412006
2019-04-27,0710616
2019-05-02,0398545
2019-05-05,0189110
2019-05-09,0104509
2019-05-12,0490830
2019-05-16,0419362
2019-05-19,0470649
2019-05-23,0275067
2019-05-26,0702410
2019-05-30,0381789
2019-06-02,0958528
2019-06-06,0237213
2019-06-09,0795650
2019-06-13,0591196
2019-06-16,0325175
2019-06-20,0652743
2019-06-23,0603233
2019-06-27,0784007
2019-06-30,0049662
2019-07-04,0854812
2019-07-07,0973800
2019-07-11,0478450
2019-07-14,0754558
2019-07-18,0480312
2019-07-21,0547570
2019-07-25,0499912
2019-07-28,0997928
2019-08-01,0343899
2019-08-04,0117681
2019-08-08,0288808
2019-08-11,0380996
2019-08-15,0822367
2019-08-18,0132438
2019-08-22,0299840
2019-08-25,0329223
2019-08-29,0468567
2019-09-01,0750680
2019-09-05,0317649
2019-09-08,0237724
2019-09-12,0184312
2019-09-15,0676828
2019-09-19,0907946
2019-09-22,0648010
2019-09-26,0413731
2019-09-29,0266139
2019-10-03,0633329
2019-10-06,0159813
2019-10-10,0926790
2019-10-13,0071998
2019-10-17,0347833
2019-10-20,0530019
2019-10-24,0756049
2019-10-27,0611146
2019-10-31,0701835
2019-11-03,0180761
2019-11-07,0722838
2019-11-10,0221409
2019-11-14,0339427
2019-11-17,0403851
2019-11-21,0111911
2019-11-24,0328593
2019-11-28,0525343
2019-12-01,0747219
2019-12-05,0991836
2019-12-08,0596390
2019-12-12,0869693
2019-12-15,0758730
2019-12-19,0002977
2019-12-22,0026518
2019-12-31,0922264
2020-01-05,0633105
2020-01-09,0778910
2020-01-12,0076679
2020-01-16,0312170
2020-01-19,0920835
2020-01-23,0227031
2020-01-26,0344219
2020-01-30,0821926
2020-02-02,0943265
2020-02-06,0997304
2020-02-09,0149436
2020-02-13,0749896
2020-02-16,0270667
2020-02-20,0315273
2020-02-23,0455913
2020-02-27,0734874
2020-03-01,0947460
2020-03-05,0776848
2020-03-08,0958492
2020-03-12,0298949
2020-03-15,0725168
2020-03-19,0351584
2020-06-21,0202527
2020-06-25,0763369
2020-06-28,0677726
2020-07-02,0148171
2020-07-05,0905361
2020-07-09,0652625
2020-07-12,0501910
2020-07-16,0635640
2020-07-19,0387509
2020-07-23,0416231
2020-07-26,0416231
2020-07-30,0014386
2020-08-02,0658475
2020-08-06,0031025
2020-08-09,0300598
2020-08-13,0812488
2020-08-16,0287359
2020-08-20,0780329
2020-08-23,0951895
2020-08-27,0721747
2020-08-30,0225141
2020-09-03,0224387
2020-09-06,0956120
2020-09-10,0728861
2020-09-13,0203235
2020-09-17,0043595
2020-09-20,0282973
2020-09-24,0388430
2020-09-27,0986759
2020-10-01,0667696
2020-10-04,0613343
2020-10-08,0693011
2020-10-11,0987011
2020-10-15,0429906
2020-10-18,0693437
2020-10-22,0367978
2020-10-25,0794751
2020-10-29,0516885
2020-11-01,0722139
2020-11-05,0772568
2020-11-08,0976421
2020-11-12,0300278
2020-11-15,0868946
2020-11-19,0442518
2020-11-22,0212224
2020-11-26,0735867
2020-11-29,0898188
2020-12-03,0100349
2020-12-06,0618808
2020-12-10,0657224
2020-12-13,0581628
2020-12-17,0052872
2020-12-20,0139518
2020-12-24,0952482
2020-12-31,0653820
2021-01-03,0620666
2021-01-07,0183772
2021-01-10,0202820
2021-01-14,0542109
2021-01-17,0263330
2021-01-21,0037500
2021-01-24,0907520
2021-01-28,0589475
2021-01-31,0394738
2021-02-04,0308710
2021-02-07,0370516
2021-02-11,0401379
2021-02-14,0073319
2021-02-18,0292547
2021-02-21,0127460
2021-02-25,0037613
2021-02-28,0787809
2021-03-04,0255368
2021-03-07,0086429
2021-03-11,0680560
2021-03-14,0257493
2021-03-18,0042119
2021-03-21,0485515
2021-03-25,0032059
2021-03-28,0810198
2021-04-01,0568457
2021-04-04,0466392
2021-04-08,0406858
2021-04-11,0486497
2021-04-15,0357902
2021-04-18,0475504
2021-04-22,0935864
2021-04-25,0931624
2021-05-01,0683867
2021-05-06,0214549
2021-05-09,0991077
2021-05-13,0952673
2021-05-16,0281169
2021-05-20,0341766
2021-05-23,0735911
2021-05-27,0679381
2021-05-30,0202568
2021-06-03,0380104
2021-06-06,0096285
2021-06-10,0724826
2021-06-13,0333466
2021-06-17,0250244
2021-06-20,0491270
2021-06-24,0961181
2021-06-27,0187421
2021-07-01,0998087
2021-07-04,0711085
2021-07-08,0607205
2021-07-11,0785924
2021-07-15,0018698
2021-07-18,0540965
2021-07-22,0079617
2021-07-25,0018351
2021-07-29,0172038
2021-08-01,0970475
2021-08-05,0237039
2021-08-08,0719379
2021-08-12,0310169
2021-08-15,0411967
2021-08-19,0156554
2021-08-22,0770290
2021-08-26,0460211
2021-08-29,0969628
2021-09-02,0408351
2021-09-05,0894838
2021-09-09,0989122
2021-09-12,0325193
2021-09-16,0081868
2021-09-19,0817952
2021-09-23,0442943
2021-09-26,0546387
2021-09-30,0664933
2021-10-03,0161843
2021-10-07,0202638
2021-10-10,0524549
2021-10-14,0344902
2021-10-17,0902423
2021-10-21,0620717
2021-10-24,0412156
2021-10-28,0555375
2021-10-31,0832185
2021-11-04,0355445
2021-11-07,0281154
2021-11-11,0900924
2021-11-14,0681358
2021-11-18,0025896
2021-11-21,0929116
2021-11-25,0481496
2021-11-28,0766237
2021-12-05,0133390
2021-12-09,0714097
2021-12-12,0923166
2021-12-16,0974825
2021-12-19,0047929
2021-12-24,0650005
2021-12-31,0309708
2022-01-06,0522152
2022-01-09,0367825
2022-01-13,0367830
2022-01-16,0215003
2022-01-20,0872472
2022-01-23,0389497
2022-01-27,0918248
2022-01-30,0999512
2022-02-03,0529706
2022-02-06,0534221
2022-02-10,0266208
2022-02-13,0627625
2022-02-17,0519467
2022-02-20,0662315
2022-02-27,0041185
2022-03-03,0774375
2022-03-06,0392792
2022-03-10,0509993
2022-03-13,0495972
2022-03-17,0958210
2022-03-20,0851017
2022-03-24,0620809
2022-03-27,0959018
2022-03-31,0795420
2022-04-03,0299636
2022-04-07,0032647
2022-04-10,0001417
2022-04-14,0879939
2022-04-17,0927208
2022-04-23,0442483
2022-04-28,0291050
2022-05-01,0709038
2022-05-05,0725987
2022-05-08,0304629
2022-05-12,0377831
2022-05-15,0000561
2022-05-19,0229914
2022-05-22,0543170
2022-05-26,0488469
2022-05-29,0368895
2022-06-02,0390625
2022-06-05,0193741
2022-06-09,0482724
2022-06-12,0283928
2022-06-16,0898768
2022-06-19,0892414
2022-06-23,0289552
2022-06-26,0660845
2022-06-30,0048083
2022-07-03,0096189
2022-07-07,0098380
2022-07-10,0999022
2022-07-14,0700106
2022-07-17,0947702
2022-07-21,0708175
2022-07-24,0563957
2022-07-28,0819079
2022-07-31,0438765
2022-08-04,0546429
2022-08-07,0775961
2022-08-11,0253113
2022-08-14,0906708
2022-08-18,0058281
2022-08-21,0299532
2022-08-25,0420768
2022-08-28,0814021
2022-09-01,0648907
2022-09-04,0686821
2022-09-08,0674320
2022-09-11,0608648
2022-09-15,0502522
2022-09-18,0718379
2022-09-22,0587211
2022-09-25,0707954
2022-09-29,0173224
2022-10-02,0313873
2022-10-06,0738739
2022-10-09,0858888
2022-10-13,0274866
2022-10-16,0207237
2022-10-20,0118197
2022-10-23,0221542
2022-10-27,0818327
2022-10-30,0531814
2022-11-03,0972136
2022-11-06,0284437
2022-11-10,0256472
2022-11-13,0201776
2022-11-17,0269789
2022-11-20,0968531
2022-11-24,0858375
2022-11-27,0870423
2022-12-04,0238652
2022-12-08,0363127
2022-12-11,0374286
2022-12-15,0615641
2022-12-18,0783724
2022-12-24,0141187
2022-12-31,0586701
2023-01-05,0156420
2023-01-08,0842754
2023-01-12,0583189
2023-01-15,0014036
2023-01-19,0125970
2023-01-22,0882343
2023-01-26,0821758
2023-01-29,0463919
2023-02-02,0109338
2023-02-05,0050485
2023-02-09,0703140
2023-02-12,0514626
2023-02-16,0861013
2023-02-19,0413972
2023-02-23,0892299
2023-02-26,0487088
2023-03-02,0264101
2023-03-05,0234848
2023-03-09,0901286
2023-03-12,0992706
2023-03-16,0324736
2023-03-19,0723166
2023-03-23,0652704
2023-03-26,0621149
2023-03-30,0704555
2023-04-02,0895292
2023-04-06,0156744
2023-04-09,0542449
2023-04-15,0226877
2023-04-20,0449720
2023-04-23,0286858
2023-04-27,0706790
2023-04-30,0559620
2023-05-04,0925489
2023-05-07,0780210
2023-05-11,0398035
2023-05-14,0058134
2023-05-18,0915127
2023-05-21,0998866
2023-05-25,0774193
2023-05-28,0662426
2023-06-01,0357707
2023-06-04,0236780
2023-06-08,0393457
2023-06-11,0622009
2023-06-15,0082922
2023-06-18,0901017
2023-06-22,0538300
2023-06-25,0946671
2023-06-29,0633707
2023-07-02,0026437
2023-07-06,0809694
2023-07-09,0964745
2023-07-13,0823017
2023-07-16,0622549
2023-07-20,0727310
2023-07-23,0180072
2023-07-27,0669377
2023-07-30,0868900
2023-08-03,0100661
2023-08-06,0366471
2023-08-10,0533129
2023-08-13,0357368
2023-08-17,0112531
2023-08-20,0205455
2023-08-24,0787675
2023-08-27,0066989
2023-08-31,0929665
2023-09-03,0393700
2023-09-07,0865615
2023-09-10,0161159
2023-09-14,0505556
2023-09-17,0932919
2023-09-21,0547073
2023-09-24,0270992
2023-09-28,0051930
2023-10-01,0749443
2023-10-05,0116889
2023-10-08,0868073
2023-10-12,0954291
2023-10-15,0579521
2023-10-19,0856242
2023-10-22,0001676
2023-10-26,0924532
2023-10-29,0360383
2023-11-02,0658053
2023-11-05,0204475
2023-11-09,0024973
2023-11-12,0336048
2023-11-16,0616961
2023-11-19,0746610
2023-11-23,0587876
2023-11-26,0690481
2023-12-03,0454837
2023-12-07,0587829
2023-12-10,0976063
2023-12-14,0553917
2023-12-17,0354295
2023-12-21,0609210
2023-12-24,0488003
2023-12-31,0524038
2024-01-04,0777716
2024-01-07,0905978
2024-01-11,0520285
2024-01-14,0695448
2024-01-18,0677909
2024-01-21,0049931
2024-01-25,0417809
2024-01-28,0224399
2024-02-01,0257885
2024-02-04,0528278
2024-02-08,0689249
2024-02-11,0839947
2024-02-15,0698812
2024-02-18,0688560
2024-02-22,0738019
2024-02-25,0388712
2024-02-29,0790823
2024-03-03,0779802
2024-03-07,0271220
2024-03-10,0197193
2024-03-14,0574350
2024-03-17,0812926
2024-03-21,0836191
2024-03-24,0561482
2024-03-28,0428370
2024-03-31,0362869
2024-04-04,0827000
2024-04-07,0702441
2024-04-11,0810646
2024-04-14,0268594
2024-04-18,0931387
2024-04-21,0176314
2024-04-25,0216349
2024-04-28,0565018
2024-05-04,0844378
2024-05-09,0733206
2024-05-12,0199816
2024-05-16,0778861
2024-05-19,0725195
2024-05-23,0210585
2024-05-26,0974376
2024-05-30,0505519
2024-06-02,0145327
2024-06-06,0508261
2024-06-09,0881546
2024-06-13,0157011
2024-06-16,0918659
2024-06-20,0308348
2024-06-23,0881384
2024-06-27,0667423
2024-06-30,0717275
2024-07-04,0565538
2024-07-07,0654648
2024-07-11,0308789
2024-07-14,0754750
2024-07-18,0104295
2024-07-21,0962457
2024-07-25,0652154
2024-08-01,0743289
2024-08-04,0412046
2024-08-08,0511994
2024-08-11,0188915
2024-08-18,0404528
2024-08-22,0781498
2024-08-25,0482539
2024-08-28,0699787
2024-08-29,0641013
2024-09-01,0803107
2024-09-05,0560883
2024-09-08,0143281
2024-09-12,0134043
2024-09-15,0855008
2024-09-19,0137547
2024-09-22,0450973
2024-09-26,0118591
2024-09-29,0944915
2024-10-03,0525121
2024-10-06,0509228
2024-10-10,0001350
2024-10-13,0506259
2024-10-17,0810028
2024-10-20,0418666
2024-10-20,0862066
2024-10-24,0531557
2024-10-31,0785483
2024-11-03,0518012
2024-11-07,0177842
2024-11-10,0218693
2024-11-14,0428244
2024-11-17,0467019
2024-11-21,0951580
2024-11-21,0325817
2024-11-28,0023605
2024-12-01,0966020
2024-12-05,0999585
2024-12-08,0407618
2024-12-12,0722377
2024-12-15,0029256
2024-12-19,0064302
2024-12-22,0728964
2024-12-31,0469560
2025-01-05,0222671
2025-01-09,0287071
2025-01-12,0845899
2025-01-16,0897726
2025-01-19,0277928
2025-01-23,0663387
2025-01-26,0812989
2025-01-30,0119857
2025-02-02,0551078
2025-02-06,0000643
2025-02-09,0955614
2025-02-13,0211733
2025-02-16,0734838
2025-02-20,0675729
2025-02-23,0125668
2025-02-27,0749704
2025-03-02,0141322
2025-03-06,0203672
2025-03-09,0968421
2025-03-13,0239516
2025-03-16,0409928
2025-03-20,0625902
2025-03-23,0404192
2025-03-27,0962210
2025-03-30,0136727
2025-04-03,0594824
2025-04-06,0854524
2025-04-10,0304109
2025-04-13,0251926
2025-04-19,0784660
2025-04-24,0169825
2025-04-27,0459516
2025-05-01,0313263
2025-05-04,0671374
2025-05-08,0869042
2025-05-11,0146831
2025-05-15,0678897
2025-05-18,0248382
2025-05-22,0740766
2025-05-25,0853402
2025-05-29,0445365
2025-06-01,0443210
2025-06-05,0836971
2025-06-08,0135361
2025-06-12,0803876
2025-06-15,0304194
2025-06-19,0213228
2025-06-22,0104999
2025-06-26,0479154
2025-06-29,0353764
2025-07-03,0336499
2025-07-06,0874488
2025-07-10,0974450
2025-07-13,0506741
2025-07-17,0560305
2025-07-20,0961299
2025-07-24,0803326
2025-07-27,0444969
2025-07-31,0757528
2025-08-03,0865095
2025-08-07,0511057
2025-08-10,0231480
2025-08-14,0113375
2025-08-17,0892967
2025-08-21,0907346
2025-08-24,0901072
2025-08-28,0704640
2025-08-31,0273935
2025-09-04,0396848
2025-09-07,0343222
2025-09-11,0872152
2025-09-14,0819370
2025-09-18,0625938
2025-09-21,0195452
2025-09-25,0406208
2025-09-28,0015828
2025-10-02,0370357
2025-10-05,0785841
2025-10-09,0578461
2025-10-12,0958388
2025-10-16,0043819
2025-10-19,0551653
2025-10-23,0465264
2025-10-26,0615849
2025-10-30,0963142
2025-11-02,0572513
2025-11-06,0638960
2025-11-09,0916546
2025-11-13,0235637
2025-11-16,0255690
2025-11-20,0988866
2025-11-23,0494160
2025-11-27,0057307
2025-11-30,0083132
2025-12-04,0081883
2025-12-07,0518465
2025-12-11,254722
2025-12-14,487974
2025-12-14,487974
